Crop Type,Season,Soil Type,Farm Size,Soil Ph,Soil Moisture (%),Rainfall (mm),Avg Temperature (°C),Irrigation Type,Fertilizer Used (kg),Pesticide Used (kg),Seed Quality,Farming Practice,Farmer Experience (years),Access to Credit,Govt. Subsidy Received,Expected Yield (kg per acre),Actual Yield (kg per acre),Yield Success
Wheat,Kharif,Loamy,13.78,7,43.6,1042.7,18.9,Flood,110.5,4.05,Hybrid,Conventional,39,1,0,2853,3927,1
Cotton,Rabi,Loamy,16.14,7.8,48.4,424.1,22.5,Flood,67.8,3.66,Certified,Organic,16,0,0,467,720,1
Maize,Zaid,Black,5.76,7.7,71.3,1334.1,37.9,Drip,89.7,2.17,Hybrid,Conventional,3,0,1,2422,3412,1
Maize,Rabi,Loamy,12.87,5.5,40.4,997.1,36.4,Rainfed,58,6.27,Certified,Mixed,20,1,0,2180,3413,1
Rice,Rabi,Loamy,11.86,5.5,72.2,404.4,26.4,Flood,79.3,5.03,Certified,Conventional,10,0,1,2410,2344,0
Rice,Rabi,Silty,16.82,5.9,25.3,1451,27,Sprinkler,47.5,8.72,Local,Mixed,22,0,1,3012,1900,0
Rice,Rabi,Loamy,18.22,6.3,66.6,873.9,30.8,Rainfed,43.1,0.81,Hybrid,Conventional,3,0,0,2374,3942,1
Sugarcane,Rabi,Silty,1.23,6.4,70.9,294.8,18,Sprinkler,73.6,6.62,Local,Mixed,11,1,1,25637,24536,0
Maize,Kharif,Clay,13.81,7.4,30.9,1014.9,23.8,Flood,64.8,7.75,Hybrid,Conventional,25,0,1,2872,4120,1
Maize,Rabi,Loamy,1.98,5.2,45.8,529.2,23,Drip,73.7,7.72,Hybrid,Mixed,8,1,1,1993,3397,1
Rice,Kharif,Clay,11.43,5.1,29.9,1244.8,24,Rainfed,41.5,8.92,Hybrid,Mixed,9,1,1,2249,2759,1
Cotton,Zaid,Clay,6.47,6.4,62.4,1263.2,37.3,Flood,50.4,7.43,Hybrid,Conventional,15,1,1,599,745,1
Sugarcane,Zaid,Black,6.83,7.4,52.1,1472.6,24.7,Flood,19.2,9.31,Local,Mixed,32,1,0,33649,37474,1
Rice,Kharif,Clay,7.71,5.7,58.1,852.4,22.6,Sprinkler,15.8,3.66,Certified,Mixed,3,1,0,2717,1539,0
Rice,Rabi,Sandy,12.8,7.2,31.8,791.4,30.1,Flood,37.9,5.28,Local,Conventional,4,1,0,3363,2656,0
Rice,Zaid,Loamy,7.35,5.9,32.7,1179.5,38.8,Rainfed,18.2,0.63,Local,Conventional,30,0,1,3339,1659,0
Wheat,Kharif,Loamy,14.92,8.1,22.5,372.2,23.8,Flood,21.4,0.57,Hybrid,Organic,13,1,0,2785,1502,0
Wheat,Rabi,Black,8.69,8.1,39.3,911,19.9,Flood,99.4,2.78,Local,Mixed,21,1,0,2585,2495,0
Wheat,Zaid,Clay,2.3,6,53.6,910.1,26.6,Flood,14.3,1.46,Hybrid,Organic,19,1,1,1635,2928,1
Rice,Kharif,Silty,15.89,5.8,71.5,316.3,35.9,Rainfed,82.5,2.97,Local,Organic,39,1,0,2812,2153,0
Maize,Rabi,Black,6.43,6.4,60,743.4,31.2,Flood,40,2.18,Hybrid,Conventional,22,0,0,2670,3194,1
Rice,Kharif,Sandy,9.22,5.8,46.1,1309.3,37.6,Rainfed,105.9,0.77,Certified,Conventional,20,0,0,2668,2510,0
Rice,Zaid,Black,14.02,7.4,77.2,1313,41,Rainfed,63.3,9.14,Local,Mixed,37,1,1,2860,1778,0
Wheat,Zaid,Clay,7.32,7.9,63.2,329,37,Flood,43.6,0.58,Hybrid,Mixed,31,1,0,2761,1448,0
Wheat,Zaid,Loamy,2.08,7.4,75.8,317.9,32.5,Sprinkler,66.9,7.49,Hybrid,Conventional,10,0,0,2291,3262,1
Sugarcane,Rabi,Loamy,8.1,7.9,51.7,541.5,29.8,Flood,52,1.95,Hybrid,Organic,18,1,0,35884,47704,1
Rice,Zaid,Silty,18.94,6.4,35.5,1337.2,19,Rainfed,72.1,9.17,Certified,Mixed,39,0,0,2881,3539,1
Wheat,Rabi,Black,13.19,5.5,23.2,367.6,41.6,Sprinkler,22.6,8.98,Hybrid,Conventional,20,1,0,2486,2292,0
Maize,Kharif,Loamy,13.76,7.6,63.6,1136,27.2,Flood,119.7,6.71,Local,Conventional,18,1,0,2329,2106,0
Rice,Rabi,Silty,13.01,6.3,27.3,331.5,21.7,Rainfed,56.8,6.89,Certified,Conventional,11,1,1,3491,3142,0
Maize,Kharif,Clay,4.78,7.3,38.2,1010.1,34,Sprinkler,48.3,0.55,Certified,Conventional,22,1,0,2660,2305,0
Rice,Rabi,Sandy,8.95,5.9,51.9,662.9,24.8,Flood,88.1,9.86,Certified,Conventional,18,1,1,3312,2564,0
Rice,Kharif,Loamy,15.27,5.3,53.9,1225.6,32.1,Sprinkler,50,8.84,Hybrid,Mixed,34,0,0,2851,3979,1
Cotton,Kharif,Black,2.93,8.5,56,503.8,32.1,Drip,101.7,9,Hybrid,Conventional,23,0,0,522,675,1
Cotton,Kharif,Sandy,6.28,5.5,30,1031,28.7,Rainfed,60,6.76,Local,Mixed,1,0,1,561,302,0
Sugarcane,Rabi,Loamy,6.25,8.5,42.8,506.4,38.1,Drip,89.2,3.78,Local,Conventional,10,0,0,36639,26848,0
Wheat,Kharif,Clay,9.21,8.4,57,1127.8,24.4,Sprinkler,21.8,8.99,Hybrid,Conventional,1,1,1,2145,1346,0
Rice,Rabi,Clay,19.63,7.8,78.2,1335.8,28.8,Rainfed,103.1,3.27,Certified,Mixed,38,0,1,2690,1863,0
Maize,Kharif,Loamy,2.28,7.3,63.7,364.8,30.9,Sprinkler,90.9,5.85,Local,Conventional,39,1,1,2740,2104,0
Wheat,Kharif,Loamy,10.86,7,75.4,1326.6,33.9,Rainfed,33.3,1.45,Local,Conventional,9,0,1,1864,1471,0
Rice,Rabi,Black,4.41,8,65.7,971.6,36.8,Rainfed,26,9.26,Hybrid,Conventional,31,1,1,2566,2791,1
Wheat,Rabi,Sandy,19.44,6,55.5,365.2,27.5,Sprinkler,44.8,1.84,Hybrid,Conventional,7,0,1,2107,2313,1
Rice,Kharif,Sandy,3.15,6.6,31.5,755.8,33.5,Drip,117.4,2.64,Local,Mixed,17,0,0,2857,2960,1
Cotton,Rabi,Clay,8.67,7.2,60,409.1,21.6,Flood,38.3,5.8,Hybrid,Conventional,35,1,0,364,312,0
Rice,Zaid,Black,15.02,6.4,57.4,1110.5,40.4,Flood,60.2,7.76,Hybrid,Mixed,37,1,0,3363,4436,1
Maize,Rabi,Silty,14.39,6.5,56.1,1186.5,27.2,Drip,13.3,6.38,Hybrid,Organic,18,1,1,2170,1650,0
Wheat,Kharif,Clay,9.03,6.2,49.4,337.5,35.5,Flood,53.7,2.71,Certified,Conventional,33,1,0,1515,1577,1
Wheat,Kharif,Silty,7.58,7,51.7,858,18.5,Drip,72.8,0.51,Hybrid,Mixed,4,0,0,2065,3810,1
Wheat,Zaid,Sandy,8.55,8,40.1,1259,22.9,Rainfed,114.8,7.69,Hybrid,Mixed,23,0,1,2241,1391,0
Rice,Kharif,Clay,6.02,5.7,51.2,1417,29.7,Drip,66.8,9.86,Certified,Organic,11,1,0,2204,2495,1
Cotton,Zaid,Loamy,4.9,8.3,31.9,867.6,39.1,Drip,100.1,8.19,Certified,Conventional,9,1,1,420,533,1
Sugarcane,Rabi,Loamy,10.18,7.4,68.3,1435.4,30.7,Drip,70.2,4.87,Certified,Conventional,30,0,0,35549,27114,0
Cotton,Zaid,Clay,6.1,7.9,31.1,896.4,40.3,Rainfed,14.5,9.09,Hybrid,Conventional,8,1,0,413,415,1
Sugarcane,Rabi,Black,6.46,6.9,25.1,712.4,29.6,Flood,44.7,4.39,Local,Mixed,5,1,1,35988,41235,1
Maize,Zaid,Black,13.48,7.7,46.2,1302.7,29.8,Rainfed,73.3,5.49,Local,Mixed,12,0,0,2729,1542,0
Cotton,Kharif,Silty,19.4,5.1,59.5,840.9,20.9,Sprinkler,114.6,5.03,Certified,Conventional,1,0,1,514,721,1
Rice,Rabi,Loamy,12.47,7.9,46.3,813.5,37.3,Sprinkler,104.5,4.75,Hybrid,Mixed,15,1,1,2751,2796,1
Rice,Kharif,Loamy,2.46,5.1,36.6,837.4,23.9,Sprinkler,35.1,7.86,Local,Conventional,25,1,0,2527,2176,0
Rice,Rabi,Silty,2.44,8.1,53.5,1300.8,39.6,Flood,34.2,5.5,Certified,Organic,18,0,0,2534,2053,0
Wheat,Rabi,Sandy,19.08,8.5,40.8,1281.5,39.9,Flood,32.1,3.51,Hybrid,Conventional,38,0,0,2401,2496,1
Wheat,Zaid,Clay,6.65,6,76,724.6,40.6,Flood,111.5,2.95,Local,Mixed,26,0,0,2555,1848,0
Rice,Zaid,Sandy,2.75,5.7,75.4,633.3,30.5,Sprinkler,103.8,0.86,Certified,Mixed,3,1,1,2292,2448,1
Sugarcane,Rabi,Black,12.38,7.7,50.1,839.5,34.3,Rainfed,95.2,6.04,Local,Conventional,22,0,0,38900,26217,0
Wheat,Kharif,Loamy,12.85,5.9,39.7,944.6,36.7,Drip,53.2,2.68,Local,Conventional,26,0,1,1506,2278,1
Rice,Kharif,Clay,13.32,8,64.2,509.8,21.1,Rainfed,65.5,1.91,Certified,Mixed,19,0,1,2956,2740,0
Wheat,Rabi,Silty,6.08,5.4,22.2,1232.1,32.4,Drip,61.1,6.71,Certified,Conventional,39,0,0,2916,2454,0
Rice,Kharif,Loamy,1.29,5.4,48.5,832.4,18.8,Flood,37.9,6.97,Certified,Conventional,36,1,1,2605,3309,1
Sugarcane,Kharif,Loamy,19.34,8.4,40.2,634.3,29.9,Sprinkler,65.6,7.65,Certified,Mixed,21,0,1,27473,22872,0
Rice,Kharif,Clay,5.77,7.4,75.2,338.9,21.7,Flood,13.4,5.28,Hybrid,Mixed,26,1,1,3152,3143,0
Cotton,Kharif,Loamy,13.84,8,20.7,510.5,22.4,Flood,24.5,8.99,Hybrid,Conventional,13,1,1,430,493,1
Sugarcane,Kharif,Silty,14.43,6.1,53.2,1434.1,26.8,Flood,107.5,9.4,Certified,Conventional,36,0,1,34014,40346,1
Rice,Kharif,Sandy,12.59,7.4,64.4,596.6,28.4,Flood,92.7,8.17,Local,Conventional,24,0,1,3124,3202,1
Rice,Kharif,Loamy,6.95,7.1,49.1,419.5,33,Flood,56.5,6.54,Hybrid,Organic,26,0,1,2190,2279,1
Sugarcane,Kharif,Black,6.15,7.1,25.1,798.9,19.8,Flood,66.9,3.39,Certified,Mixed,21,1,0,39101,37155,0
Maize,Zaid,Black,12.36,7.4,78.3,599.2,30.1,Rainfed,50.7,9.84,Certified,Conventional,18,1,0,2869,2871,1
Maize,Kharif,Black,17.46,7,51.1,245.7,22.4,Sprinkler,91.5,3.1,Hybrid,Mixed,15,0,0,3069,2197,0
Sugarcane,Kharif,Loamy,18.99,6.5,56.9,620.1,31.8,Flood,96.3,2.43,Hybrid,Organic,15,1,0,31040,39959,1
Rice,Rabi,Loamy,3.01,6,34.2,907.3,33.3,Flood,94,4.7,Certified,Conventional,6,0,1,3324,2895,0
Wheat,Kharif,Black,3.94,7.7,49,917.2,31.4,Sprinkler,89.5,1.04,Certified,Organic,31,1,1,2077,1344,0
Rice,Zaid,Silty,18.95,5.8,45.7,663.5,35.7,Flood,32.5,9.8,Local,Mixed,28,0,1,3127,1768,0
Sugarcane,Rabi,Clay,14.99,7.4,24.5,781.5,26.1,Sprinkler,47.2,6.09,Local,Conventional,8,1,0,35193,36382,1
Maize,Kharif,Clay,17.78,5.8,26.4,1455.2,36.4,Drip,61.7,5.79,Certified,Conventional,29,0,0,2034,3040,1
Wheat,Kharif,Loamy,4.85,7.2,70.2,690.6,28.4,Sprinkler,46.4,6.73,Hybrid,Organic,21,0,0,2301,1678,0
Rice,Zaid,Black,12.16,7.6,34.4,535.7,29.6,Drip,93,5.22,Hybrid,Conventional,17,1,1,2111,4630,1
Wheat,Zaid,Sandy,14.32,5.8,31.7,516.5,33.6,Flood,46.2,0.8,Hybrid,Organic,24,0,1,1707,3207,1
Wheat,Rabi,Loamy,13.92,5.2,50.3,795.1,18.4,Flood,25.2,6.32,Hybrid,Conventional,36,0,0,1719,3615,1
Maize,Rabi,Clay,8.75,5.5,66.1,1187.4,33.7,Rainfed,53.9,7.3,Local,Conventional,31,0,1,2251,3225,1
Maize,Kharif,Silty,1.29,7.1,23.7,467.8,32.8,Flood,117.8,4.46,Hybrid,Conventional,34,0,0,2670,2959,1
Sugarcane,Zaid,Black,12.08,8,54.6,1122.1,25.4,Drip,34.8,7.69,Hybrid,Conventional,2,1,0,39162,40889,1
Wheat,Kharif,Loamy,5.81,5.2,27.2,227.5,20.1,Rainfed,77.3,2.66,Hybrid,Conventional,3,1,0,2450,2198,0
Rice,Zaid,Silty,9.55,7.6,22.2,744.6,20.2,Rainfed,57.6,2.6,Local,Conventional,30,1,0,3231,1504,0
Maize,Rabi,Black,19.19,6.2,23.2,1208.6,40.2,Flood,17.8,2.03,Local,Conventional,8,1,0,2824,2213,0
Sugarcane,Rabi,Loamy,8.58,6.7,70,640.4,34.5,Flood,63.7,4.03,Certified,Organic,7,1,0,38848,25713,0
Maize,Rabi,Sandy,16.96,8.3,27.1,932.9,21.1,Rainfed,87.2,8.55,Certified,Mixed,12,0,0,1831,1747,0
Sugarcane,Kharif,Loamy,4.58,6.2,22.7,466.5,26.6,Flood,66.5,8.37,Hybrid,Conventional,19,1,1,28097,36801,1
Wheat,Kharif,Silty,13.78,6.6,46.3,1164.6,32.2,Rainfed,105.9,4.14,Certified,Organic,26,1,0,2052,2624,1
Wheat,Kharif,Sandy,19.56,5,70.6,268,38.1,Drip,41.8,6.1,Hybrid,Organic,28,1,0,2877,3781,1
Wheat,Kharif,Sandy,2.94,5.3,35.7,1308.3,19,Drip,19.5,7.35,Local,Mixed,15,0,1,2193,3176,1
Rice,Rabi,Silty,1.16,5.9,45.3,457.7,23.7,Flood,113,2.79,Hybrid,Mixed,14,0,1,2047,3086,1
Rice,Kharif,Loamy,9.24,5.1,22.4,1336.7,39.4,Flood,51.6,2.1,Local,Conventional,14,1,1,3338,1866,0
Rice,Kharif,Black,2.76,7.2,46.9,658.3,18.2,Rainfed,73.4,9.73,Certified,Conventional,3,0,0,2874,2707,0
Maize,Zaid,Sandy,15.22,6.5,54.7,1139.5,22.8,Rainfed,97.1,6.37,Local,Conventional,29,1,0,3010,2070,0
Wheat,Zaid,Clay,18.38,6.9,54.3,615,41,Sprinkler,45.7,9.82,Local,Mixed,6,0,1,1568,1698,1
Wheat,Zaid,Silty,9.25,5.6,39.9,1377.7,32.7,Drip,88.8,3.71,Hybrid,Mixed,23,0,1,2808,2616,0
Cotton,Zaid,Silty,5.92,6,38.9,364.6,24.3,Rainfed,24.9,7.18,Hybrid,Conventional,28,1,0,352,679,1
Rice,Kharif,Loamy,9.25,7.3,26.4,432.1,19.6,Flood,42,2.61,Certified,Mixed,14,0,0,3070,3117,1
Wheat,Kharif,Black,14.75,8.4,42,840.9,18.7,Drip,25.9,2.98,Local,Mixed,14,0,0,2022,3321,1
Sugarcane,Rabi,Black,1.17,5.2,26,306.5,23.9,Flood,99.2,5.36,Hybrid,Conventional,20,1,1,36628,42593,1
Rice,Rabi,Loamy,12.2,8.1,66,454.8,39.2,Flood,34.5,3.54,Certified,Conventional,13,0,0,3171,2517,0
Rice,Kharif,Black,12.65,7,78,1426.9,28,Rainfed,88.9,2.09,Hybrid,Organic,27,1,0,2811,1693,0
Rice,Rabi,Clay,13.12,7,78.2,1469.4,35.3,Flood,113.8,3,Hybrid,Organic,35,1,1,3447,1907,0
Rice,Kharif,Loamy,5.6,6.8,71.9,689.1,40,Sprinkler,68.1,0.84,Certified,Mixed,2,1,1,2028,3248,1
Cotton,Kharif,Clay,14.57,5.2,56,1400.3,27.8,Rainfed,69.4,7.19,Certified,Conventional,24,1,1,587,325,0
Sugarcane,Rabi,Black,2.74,5.3,62.1,908.3,22.6,Flood,60.7,5.18,Hybrid,Mixed,29,1,1,36655,23184,0
Maize,Rabi,Silty,4.79,7.1,37.1,550.7,30.4,Flood,45.8,1.4,Hybrid,Mixed,3,0,0,1854,2516,1
Sugarcane,Rabi,Clay,17.67,6.2,57.8,1113.1,39.8,Sprinkler,62.3,2.13,Local,Organic,4,1,1,33503,32117,0
Sugarcane,Kharif,Loamy,15.04,8.2,47.3,1056.6,37.3,Flood,76.3,1.47,Local,Conventional,2,1,1,34148,26354,0
Rice,Zaid,Sandy,1.26,6.4,48.9,1485.9,19.6,Sprinkler,118.5,6.32,Hybrid,Mixed,20,1,0,2756,3094,1
Sugarcane,Kharif,Clay,5.72,5.5,65.5,544.6,34.6,Drip,113.2,1.39,Local,Mixed,15,0,1,27747,36684,1
Wheat,Kharif,Black,5.07,7.5,36.9,1073.7,31.7,Flood,104.8,7.67,Hybrid,Mixed,32,0,0,2593,2246,0
Sugarcane,Zaid,Black,6.15,6,39.1,267.6,39.8,Sprinkler,107.8,0.69,Hybrid,Conventional,1,0,1,27101,37283,1
Sugarcane,Zaid,Sandy,5.7,6.8,75.5,347.7,20.9,Flood,61.5,2.87,Certified,Conventional,38,0,0,39049,42900,1
Wheat,Zaid,Black,2.19,7.4,23.4,205.1,30.8,Drip,82.3,8.96,Hybrid,Conventional,35,0,1,2958,3526,1
Rice,Rabi,Loamy,9.72,8.2,49.1,1499.3,39.1,Flood,108.5,7.33,Hybrid,Mixed,7,0,0,2365,4595,1
Rice,Rabi,Black,14.92,7.8,74.8,1243,27.8,Sprinkler,53.2,1.19,Certified,Conventional,13,0,0,3182,2341,0
Wheat,Rabi,Silty,12.53,7.4,56.6,1222.7,29.6,Drip,115.8,8.3,Hybrid,Mixed,1,1,0,2878,2145,0
Sugarcane,Kharif,Sandy,13.78,7.4,52.8,862.6,19.7,Drip,55.7,5.18,Local,Conventional,14,1,0,32572,32543,0
Sugarcane,Kharif,Clay,2.54,8.3,35,590.1,24.7,Rainfed,76.1,8.54,Hybrid,Mixed,29,0,0,25974,33443,1
Rice,Kharif,Black,19.08,6,40.6,396.6,25.8,Rainfed,88.1,6.21,Hybrid,Conventional,3,1,1,2575,3363,1
Wheat,Kharif,Loamy,16.93,5,71.1,570.1,40.7,Sprinkler,114.6,6.98,Local,Conventional,24,1,0,2811,1800,0
Wheat,Rabi,Clay,16.3,6,53.6,688.8,24.8,Rainfed,36.9,9.94,Local,Conventional,1,0,0,2158,2370,1
Rice,Rabi,Clay,16.64,5.8,50.9,1183.2,29.1,Flood,92.1,2.71,Certified,Conventional,10,0,0,2003,3201,1
Rice,Kharif,Sandy,18.72,7.3,26,901.6,34.1,Rainfed,67.3,6.43,Certified,Conventional,13,1,1,3284,2752,0
Wheat,Kharif,Sandy,11.34,7.2,21,300.7,21.9,Sprinkler,39.5,4.87,Hybrid,Organic,36,0,1,2740,2214,0
Cotton,Rabi,Silty,4.81,7.1,77.8,223.4,29.7,Flood,95.4,0.87,Hybrid,Organic,9,0,0,343,383,1
Wheat,Kharif,Black,12.72,5.1,42.6,333,35.7,Drip,70.7,0.64,Certified,Conventional,14,0,1,2278,2587,1
Wheat,Zaid,Clay,15.11,7.6,56.2,733.6,38.8,Sprinkler,82.7,1.63,Certified,Mixed,36,0,1,2769,1652,0
Maize,Rabi,Silty,15.02,6.1,24.8,1413.2,33,Rainfed,45.5,6.67,Local,Conventional,10,0,1,2183,2780,1
Wheat,Rabi,Clay,10.91,7.3,61,1028.6,34.1,Flood,62.9,5.89,Hybrid,Organic,23,1,0,2595,2616,1
Cotton,Rabi,Black,2.3,6.9,76,1242.4,21,Sprinkler,77.9,5.76,Local,Mixed,35,1,0,312,505,1
Cotton,Rabi,Black,8.05,6.2,54.5,806.3,40.7,Drip,54.5,0.8,Local,Conventional,7,1,0,538,654,1
Rice,Kharif,Sandy,18.49,5.5,27.6,670.2,21.2,Flood,31.8,4.96,Local,Mixed,35,0,1,2016,2852,1
Wheat,Rabi,Silty,12.1,5.3,54.9,340.9,36.6,Flood,115.8,9.28,Certified,Conventional,2,0,1,2191,3117,1
Wheat,Rabi,Loamy,11.23,7.9,66,1338.7,24.4,Sprinkler,66.3,4.28,Local,Organic,15,0,1,1607,3433,1
Rice,Kharif,Loamy,6.11,8.2,44.4,1218.1,40.4,Rainfed,90.7,6.44,Certified,Conventional,9,1,0,2628,2799,1
Rice,Zaid,Black,8,7.3,72.8,418.6,35.3,Drip,55.2,7.91,Hybrid,Conventional,17,0,0,2936,2353,0
Maize,Rabi,Loamy,18.01,5.4,58.9,865.9,36.1,Sprinkler,49.1,7.95,Hybrid,Organic,39,1,1,1924,4072,1
Wheat,Rabi,Loamy,13.66,6.4,74,833.6,23.3,Rainfed,54.8,5.43,Certified,Organic,18,1,0,1979,3263,1
Rice,Zaid,Loamy,15.96,7.6,57.4,1012.6,28.6,Sprinkler,55,8.65,Local,Organic,15,1,0,2480,2421,0
Rice,Zaid,Black,9.63,7.7,27.9,1430,32.8,Sprinkler,69.9,4.22,Local,Conventional,18,1,1,2330,2940,1
Cotton,Rabi,Loamy,12.97,5.4,38.6,953.7,36.5,Flood,69.8,8.94,Certified,Conventional,24,0,1,424,500,1
Rice,Rabi,Clay,5.72,5,32.1,902.3,20.5,Rainfed,64.7,2.78,Hybrid,Conventional,23,1,0,2142,3965,1
Rice,Rabi,Silty,14.4,7.5,74.5,265.4,41.1,Drip,24.8,3.16,Hybrid,Organic,12,1,1,2376,1837,0
Wheat,Rabi,Black,9.12,6.2,65.6,281.8,39.4,Rainfed,64.6,1,Hybrid,Conventional,23,0,0,2565,3243,1
Cotton,Rabi,Clay,9.41,5.9,60.6,443.6,24.5,Rainfed,28.6,8.06,Local,Conventional,21,1,0,340,474,1
Rice,Rabi,Loamy,13.34,5,38.1,242.2,37.7,Drip,23.9,4.46,Certified,Conventional,26,1,0,2805,3381,1
Maize,Kharif,Clay,18.79,6.9,31,1166.4,30.4,Flood,112.6,2.68,Local,Organic,8,1,0,2191,2818,1
Sugarcane,Zaid,Loamy,2.22,8,65.4,1140.3,29.1,Sprinkler,76.5,2.7,Certified,Organic,30,1,0,38654,47796,1
Rice,Zaid,Loamy,16.67,8.4,48.4,376.9,25.5,Flood,82.5,9.06,Hybrid,Conventional,34,1,0,2488,4313,1
Maize,Kharif,Silty,6.56,7,33.5,1286.9,31.9,Rainfed,54.2,8.42,Hybrid,Organic,2,1,0,3032,3640,1
Wheat,Rabi,Silty,9.43,6.8,57,401.2,35.5,Rainfed,110,5.76,Certified,Conventional,5,0,0,2865,1844,0
Maize,Kharif,Sandy,1.42,5.3,22.4,591.5,27.9,Drip,80.2,6.35,Certified,Conventional,31,1,1,3075,3718,1
Maize,Kharif,Loamy,6.72,6.9,39.6,523.7,33.1,Flood,94.6,5.01,Local,Conventional,33,1,1,2825,3835,1
Wheat,Rabi,Black,10.55,6.3,48.1,684,34.8,Flood,50.5,4.22,Local,Conventional,4,0,0,1967,3084,1
Rice,Kharif,Loamy,2.07,7.1,28.9,531.1,35.1,Sprinkler,115.6,9.2,Certified,Conventional,6,1,0,3275,3870,1
Sugarcane,Rabi,Black,10.33,6.4,79.1,835.6,19.2,Sprinkler,100.3,1.69,Hybrid,Conventional,23,0,1,32321,46439,1
Wheat,Rabi,Sandy,18.62,5.8,32.5,729.6,38.6,Drip,103.9,4.48,Certified,Mixed,19,1,1,2085,3055,1
Rice,Rabi,Clay,3,5.3,27.8,1482.5,29,Flood,28.9,3.77,Certified,Mixed,8,1,0,2004,3840,1
Rice,Kharif,Silty,15.52,6.1,32.2,272.7,24.3,Flood,39.8,5.23,Hybrid,Conventional,39,0,1,2213,3355,1
Maize,Kharif,Loamy,8.78,5.3,66.1,384.8,23.8,Drip,41.4,4.85,Certified,Conventional,13,1,0,2362,1591,0
Maize,Rabi,Silty,13.45,5.6,45.5,268.7,29.6,Rainfed,39.8,5.43,Local,Conventional,1,1,0,3010,2693,0
Rice,Zaid,Clay,5.94,8.5,53.9,1013.6,39.3,Rainfed,104.1,1.83,Hybrid,Mixed,6,0,0,2720,2162,0
Wheat,Rabi,Clay,4.03,6.6,21.3,270.9,27.1,Flood,13.5,5.37,Local,Organic,7,1,1,1745,2965,1
Rice,Kharif,Black,4.05,6.9,22.1,1287.4,36,Sprinkler,18.4,2.8,Hybrid,Mixed,27,0,1,2551,1748,0
Maize,Rabi,Loamy,2.34,8.1,46.7,865.5,20.3,Flood,40.1,2.25,Local,Conventional,15,0,1,1978,2867,1
Rice,Rabi,Black,4.53,8.5,69,885.1,29.4,Sprinkler,32,1.12,Hybrid,Conventional,34,1,1,2671,2751,1
Maize,Rabi,Loamy,13.62,7,73.1,930.1,41.8,Sprinkler,35.5,7.75,Hybrid,Organic,23,0,0,2625,2864,1
Wheat,Kharif,Sandy,17.75,7.8,25.2,422.1,36.5,Flood,97.8,4.56,Local,Conventional,24,1,0,1678,1697,1
Cotton,Rabi,Silty,16.47,6.1,52.3,457,23.1,Drip,71.9,6.45,Hybrid,Conventional,15,0,1,421,383,0
Rice,Rabi,Sandy,14.02,6.1,74.8,614.5,30,Drip,10.6,7.41,Certified,Organic,35,0,1,2024,4060,1
Wheat,Zaid,Loamy,3.1,6.4,43.3,971.5,23.6,Drip,57.2,6.95,Hybrid,Conventional,4,0,1,1729,3244,1
Rice,Kharif,Loamy,6.49,7.4,69.8,473.2,27.8,Drip,54.9,4.97,Local,Mixed,37,1,0,3226,3702,1
Cotton,Rabi,Clay,6.89,7.4,28,351.2,36.7,Drip,22.5,4.19,Local,Conventional,17,0,0,521,295,0
Sugarcane,Zaid,Loamy,5.75,6.1,76.1,1461.2,36.5,Rainfed,84.4,4.07,Hybrid,Conventional,31,1,0,33162,45759,1
Rice,Kharif,Silty,10.79,5.5,65.1,228.6,23.5,Sprinkler,87.2,6.58,Hybrid,Organic,38,1,0,2869,2758,0
Maize,Zaid,Black,11.18,7.2,76.5,1243.5,40.1,Drip,89.3,5.2,Local,Mixed,10,0,0,2130,3407,1
Sugarcane,Rabi,Black,7.78,5.4,60.6,1224.4,32.2,Sprinkler,90.1,8.57,Certified,Mixed,27,1,0,29549,38415,1
Maize,Kharif,Silty,7.72,7,41.8,586.4,27.1,Rainfed,10,8.81,Hybrid,Conventional,6,0,1,1910,2336,1
Wheat,Kharif,Silty,16.74,7.4,76.3,376.3,30,Flood,114.9,2.12,Certified,Conventional,6,1,0,2732,3411,1
Rice,Rabi,Silty,16,7.5,36.5,389.3,32.5,Sprinkler,99.6,1.79,Hybrid,Conventional,15,0,1,2106,4320,1
Rice,Kharif,Loamy,6.85,7.6,39.9,1106.7,31.4,Rainfed,109.4,6.49,Hybrid,Conventional,4,1,0,3245,3137,0
Sugarcane,Rabi,Black,18.36,8.1,62,1035.6,29.7,Sprinkler,11.7,3.36,Certified,Conventional,7,1,1,25166,31520,1
Cotton,Kharif,Silty,19.1,6.7,65.9,1217.6,30.1,Sprinkler,112.7,0.68,Certified,Mixed,26,1,0,334,648,1
Maize,Rabi,Sandy,7.21,7.6,75.8,1418.7,22.2,Sprinkler,99.1,8.94,Hybrid,Conventional,31,0,1,2615,2373,0
Wheat,Kharif,Clay,7.73,7.2,32.3,1099.5,37.5,Sprinkler,102.1,2.66,Certified,Conventional,2,1,0,2624,1838,0
Wheat,Zaid,Loamy,10.61,5.7,67.9,402.6,31,Sprinkler,20.3,9.33,Certified,Conventional,28,0,1,2075,3649,1
Maize,Zaid,Loamy,18.88,5.1,64.3,516.5,21.1,Flood,91.3,7.32,Local,Mixed,13,1,0,3191,1515,0
Sugarcane,Zaid,Black,17.65,6,23.8,1294.9,36.4,Sprinkler,115.6,7.75,Certified,Organic,18,1,0,33020,35095,1
Sugarcane,Rabi,Sandy,2.95,6.6,43.2,472.1,40.4,Flood,84.6,2.41,Hybrid,Conventional,30,1,1,29094,25432,0
Sugarcane,Kharif,Loamy,8.46,7.2,37,294.3,40.7,Drip,72.8,2.72,Local,Conventional,11,1,0,38721,32350,0
Maize,Rabi,Black,11.51,8,38.3,1114.3,26.9,Drip,114,5.45,Certified,Conventional,13,0,0,3147,1886,0
Rice,Kharif,Clay,10.56,5.7,79,723.3,21.3,Flood,58.7,2.13,Hybrid,Mixed,24,0,1,2220,3759,1
Rice,Kharif,Loamy,4.68,5.4,58.6,1396.1,30.4,Rainfed,75.9,3.4,Hybrid,Organic,29,1,0,2995,2707,0
Sugarcane,Kharif,Clay,17.32,8.4,63.1,1045.3,20.7,Sprinkler,62.4,3.55,Local,Mixed,5,0,0,31549,26867,0
Maize,Rabi,Silty,13.86,5.4,78.6,317.5,40.4,Flood,112.6,2.02,Local,Organic,35,0,0,2952,1500,0
Rice,Rabi,Black,16.92,6.7,42.6,1432.2,22.4,Sprinkler,18.4,2.45,Local,Organic,19,1,1,2446,2457,1
Rice,Rabi,Loamy,17.32,7,68.1,536.1,24.1,Drip,65.1,7.99,Local,Mixed,13,1,0,2655,3586,1
Maize,Kharif,Black,15.22,6.9,46.1,638.4,27.8,Drip,85.6,2.09,Certified,Conventional,5,1,0,2120,3553,1
Rice,Kharif,Loamy,9.35,5.3,72.2,722.9,27.2,Sprinkler,97.1,0.77,Certified,Conventional,14,1,1,2446,3448,1
Rice,Zaid,Black,12.6,5.2,30.8,266.6,37.1,Drip,74.1,6.48,Hybrid,Conventional,38,1,0,2369,4045,1
Wheat,Kharif,Silty,4.05,5.4,76.9,845.5,29,Drip,110,9.77,Certified,Conventional,22,1,1,2981,3575,1
Maize,Rabi,Black,13.8,7,33.1,360.3,22.1,Rainfed,113.6,3.65,Hybrid,Conventional,9,0,1,2488,2305,0
Maize,Kharif,Clay,4.41,6.9,39.6,721.3,24.4,Drip,17.1,1.63,Hybrid,Mixed,26,1,0,1962,2774,1
Rice,Rabi,Black,14.19,5.8,65.4,655.9,30.2,Flood,54.3,5.92,Certified,Mixed,5,1,0,2349,3271,1
Maize,Rabi,Silty,5.36,7.2,43.6,1204.7,21.5,Sprinkler,12.6,9.11,Local,Conventional,29,1,0,2225,1653,0
Rice,Kharif,Loamy,3.23,7.9,56.5,1244.1,32.7,Flood,46.2,7.95,Certified,Conventional,22,1,1,2254,3900,1
Wheat,Kharif,Black,4.14,5.1,46.7,399.4,31.6,Flood,69.1,6.41,Hybrid,Conventional,3,1,1,1943,1444,0
Maize,Rabi,Loamy,1.04,6.7,64.5,676.5,35.2,Sprinkler,110.2,3.49,Hybrid,Conventional,28,0,1,2488,2960,1
Maize,Rabi,Black,14.66,7.4,33.7,685.4,40.5,Sprinkler,103.1,5.65,Hybrid,Organic,38,1,0,2994,2493,0
Sugarcane,Kharif,Clay,14.92,5.9,23.5,396.8,39.9,Flood,24,1.37,Hybrid,Conventional,14,0,0,38537,47121,1
Maize,Zaid,Silty,10.78,6.1,38,1238,40.7,Rainfed,20.2,6.95,Certified,Organic,14,1,0,2363,3319,1
Maize,Kharif,Sandy,4.07,7.1,48.5,1119.4,23.9,Drip,74.8,7.39,Hybrid,Organic,11,0,1,2639,3991,1
Rice,Kharif,Clay,2.59,8.1,30.1,447.5,21.2,Drip,68.5,9.67,Local,Organic,9,0,0,3437,1556,0
Wheat,Zaid,Loamy,1.36,7.8,41.3,676.7,25.3,Rainfed,39.3,2.97,Local,Conventional,38,1,0,2448,1619,0
Rice,Kharif,Clay,4.15,7,44,337.5,39.5,Sprinkler,108.9,0.68,Hybrid,Mixed,6,0,0,3420,3365,0
Rice,Rabi,Loamy,17.93,7.6,23.4,1016.7,41.3,Flood,112,5.68,Hybrid,Conventional,1,1,1,2909,2018,0
Cotton,Kharif,Loamy,5.59,6.3,55,357.8,38.6,Sprinkler,54.3,7.21,Hybrid,Conventional,25,0,0,311,767,1
Wheat,Kharif,Sandy,7.73,7.2,73.1,1481.7,20.6,Drip,107.9,8.01,Local,Organic,16,1,1,2852,1361,0
Sugarcane,Zaid,Loamy,3,6.6,29.1,1214.9,40.7,Flood,52.2,2.34,Certified,Conventional,15,0,1,28086,33527,1
Maize,Kharif,Loamy,5.22,5.7,55.9,707.3,28.2,Flood,91,2.99,Hybrid,Conventional,34,0,1,2573,3357,1
Sugarcane,Zaid,Silty,10.87,7.5,59.9,952.1,18.2,Sprinkler,62.4,5.37,Local,Conventional,17,0,1,28963,19628,0
Wheat,Kharif,Clay,12.55,6.9,45.2,1384.7,28.6,Flood,23.5,3.64,Hybrid,Mixed,3,1,1,2111,3217,1
Maize,Kharif,Black,5.66,6.3,62.1,920.3,19.1,Rainfed,112.1,8.67,Certified,Organic,3,1,1,2997,2884,0
Wheat,Kharif,Black,2.1,8.2,44.6,426.8,31.1,Flood,60,5,Hybrid,Conventional,37,0,1,1559,1477,0
Rice,Rabi,Silty,8.43,5.1,50.3,692.3,26.1,Drip,90.8,8.1,Certified,Conventional,17,0,0,3010,3567,1
Maize,Kharif,Sandy,5.45,6.1,20.4,1296.1,29.4,Flood,50.4,6.02,Hybrid,Mixed,38,0,1,3007,3283,1
Rice,Zaid,Black,5.17,5.2,61.5,1037.5,32.7,Flood,12.1,7.84,Hybrid,Mixed,1,1,0,3311,3432,1
Rice,Rabi,Clay,19.24,7.7,59.7,1045.9,38.9,Rainfed,21.1,3.66,Local,Mixed,7,0,1,3497,3328,0
Maize,Zaid,Clay,12.71,7.5,22.3,1326.9,33.9,Flood,64.6,8.4,Hybrid,Conventional,26,1,0,2745,3592,1
Rice,Kharif,Loamy,11.58,6.2,42.1,1362.2,28.4,Drip,85.9,3.11,Certified,Mixed,39,1,0,2159,4658,1
Cotton,Zaid,Silty,8.9,7.4,78.7,1395.7,37.7,Flood,46.8,5.69,Certified,Organic,19,1,1,561,554,0
Cotton,Rabi,Clay,9.15,6.4,45.2,323.3,39.7,Flood,86.5,2.53,Local,Organic,30,1,0,509,346,0
Cotton,Rabi,Sandy,11.28,7.6,50.1,907.4,20.9,Drip,86.8,5.02,Certified,Mixed,14,0,1,518,471,0
Wheat,Rabi,Black,14.23,6.6,74.6,1162.7,30.8,Flood,87.4,3.52,Hybrid,Mixed,13,1,0,2439,3656,1
Rice,Rabi,Black,14.34,6.4,63,1184,24.8,Sprinkler,64.2,3.03,Certified,Organic,20,0,0,3137,2276,0
Cotton,Rabi,Sandy,4.26,8.3,54.9,988.7,19.1,Flood,110.6,9.69,Local,Organic,26,0,1,504,212,0
Wheat,Kharif,Clay,10.5,5.9,67.9,416.8,34,Sprinkler,63.8,2.02,Hybrid,Organic,27,1,1,2469,1476,0
Cotton,Kharif,Black,8.83,5.4,71.9,1236.6,38.7,Flood,59.5,7.98,Hybrid,Organic,25,1,1,554,412,0
Cotton,Zaid,Sandy,17.54,7,47.4,1136.1,21.9,Rainfed,31.9,9.85,Hybrid,Conventional,9,0,1,383,624,1
Sugarcane,Rabi,Clay,13,8.4,48.5,312,37.5,Rainfed,43.8,0.69,Local,Mixed,12,1,0,25088,29750,1
Rice,Rabi,Clay,11.12,6.3,43.2,803,38.5,Rainfed,14.7,7.14,Hybrid,Conventional,10,0,0,2398,3201,1
Wheat,Rabi,Black,3.19,5.2,78,426.2,39.9,Rainfed,79.7,2.9,Hybrid,Mixed,6,0,1,2575,1875,0
Sugarcane,Kharif,Silty,12.51,6.2,61.8,638.7,24.4,Drip,37.3,0.88,Local,Mixed,34,1,1,37874,45964,1
Wheat,Kharif,Black,3.23,6.8,25,223.5,39.7,Flood,43.5,4.33,Local,Conventional,19,1,1,1554,1394,0
Rice,Rabi,Black,7.41,5.6,71.8,720.4,25.7,Flood,94.8,9.38,Certified,Mixed,6,1,1,3092,2618,0
Maize,Kharif,Sandy,3.71,7.3,48.8,914.8,31.3,Rainfed,46,0.61,Local,Conventional,2,0,0,2975,3037,1
Cotton,Kharif,Sandy,14.15,8.5,24.1,1005.5,19.2,Sprinkler,36.6,6.08,Certified,Conventional,15,1,1,350,247,0
Maize,Rabi,Loamy,4.92,6.6,53,1062.5,19.1,Rainfed,28.6,5.26,Hybrid,Conventional,17,1,0,2159,1487,0
Maize,Kharif,Loamy,8.45,6.2,45,1287.2,35.3,Flood,95.2,8.8,Local,Conventional,16,1,1,3054,2917,0
Rice,Rabi,Loamy,18.02,6.4,72.7,480.1,28.7,Rainfed,24.3,1.3,Certified,Mixed,28,0,1,3294,3423,1
Maize,Kharif,Silty,4.88,5.4,32.2,356.6,24.2,Drip,59.9,6.97,Certified,Mixed,21,1,0,1827,3181,1
Cotton,Rabi,Sandy,10.65,8.1,69.6,1307,22.6,Drip,65.8,6.96,Certified,Conventional,8,1,0,393,277,0
Rice,Kharif,Black,8.97,6.5,53.5,403.6,34.1,Rainfed,85.6,6.86,Hybrid,Mixed,10,0,1,2579,4211,1
Wheat,Rabi,Loamy,1.34,6.4,23.3,1467.2,18,Drip,79.7,9.45,Hybrid,Organic,10,0,0,1934,2868,1
Sugarcane,Kharif,Sandy,16.06,7.3,78.3,1295.3,37.3,Rainfed,99.2,8.32,Hybrid,Mixed,10,0,0,32557,29582,0
Maize,Kharif,Sandy,2.31,6.5,50.8,851.1,19.9,Drip,14.9,0.9,Local,Conventional,9,0,1,2747,1635,0
Maize,Kharif,Sandy,10.01,7.3,37.5,1475.8,22.6,Flood,42.6,4.98,Hybrid,Organic,28,0,0,1825,2582,1
Maize,Rabi,Silty,11.65,5.2,48.2,326.6,27.3,Sprinkler,40.8,4.28,Certified,Conventional,24,0,0,2837,3126,1
Wheat,Rabi,Loamy,12.94,7.8,71.5,594,29.6,Flood,26.1,3.45,Local,Conventional,19,0,1,2383,3100,1
Rice,Kharif,Sandy,14.08,8.3,38.3,1029.7,26.5,Flood,41.8,4.79,Certified,Organic,33,0,0,3351,3099,0
Sugarcane,Rabi,Clay,5.81,7.3,31.6,655,25.7,Sprinkler,44.1,4.15,Certified,Mixed,4,0,1,29055,37729,1
Sugarcane,Zaid,Loamy,1.19,8.3,27.7,1406.9,41.1,Drip,67.4,4.61,Certified,Organic,3,1,1,31569,45552,1
Sugarcane,Rabi,Loamy,14.75,5.5,37.9,285.3,33.4,Drip,83,9.8,Hybrid,Mixed,12,1,0,35068,45775,1
Cotton,Kharif,Silty,11.18,6.7,66.8,914.2,18.6,Flood,51.9,1.34,Certified,Mixed,18,0,0,594,343,0
Wheat,Rabi,Black,16.89,7.1,48.3,968.1,28.3,Flood,89.1,9.26,Certified,Conventional,23,1,0,1574,3586,1
Wheat,Kharif,Sandy,16.61,7,33.6,1048.5,39,Flood,47,5.06,Certified,Conventional,20,0,1,2384,3278,1
Sugarcane,Kharif,Silty,17.02,6.4,30,532.4,25.2,Flood,41.9,6.43,Certified,Mixed,6,1,1,28550,43006,1
Maize,Zaid,Sandy,10.22,6.2,40,673.9,20.3,Flood,69.5,8.39,Hybrid,Conventional,34,0,0,2632,2512,0
Maize,Kharif,Sandy,7.34,5.4,76.4,1296.8,36.2,Sprinkler,12.6,3.92,Local,Conventional,2,1,1,2099,3044,1
Sugarcane,Rabi,Clay,16.04,6.4,40.6,453.4,32.5,Drip,18.8,4.59,Local,Conventional,30,0,0,39947,30173,0
Sugarcane,Rabi,Loamy,9.57,5.6,79.3,1274.9,31.7,Sprinkler,56,4.39,Certified,Conventional,9,0,0,38695,22312,0
Wheat,Rabi,Loamy,4.49,7.6,49.1,931.5,19.3,Rainfed,113.7,4.06,Certified,Mixed,27,1,0,1962,3033,1
Wheat,Rabi,Loamy,17.24,5.7,30.7,1190.8,21.4,Rainfed,89.4,9.29,Local,Conventional,34,1,1,2481,3429,1
Rice,Kharif,Clay,17.77,5.2,73.5,1127.7,32.9,Sprinkler,19.7,8.37,Certified,Conventional,24,1,1,2596,2226,0
Maize,Kharif,Clay,9.86,6.9,47.6,469.8,23,Flood,103.1,1.54,Local,Conventional,17,1,0,1870,2277,1
Rice,Rabi,Loamy,2.44,7.1,62.6,939.5,30.1,Rainfed,90.6,1.53,Certified,Mixed,29,1,0,2972,2003,0
Wheat,Kharif,Black,8.37,8.1,79,1328,31.1,Flood,77.2,4.56,Local,Mixed,36,1,0,2537,2491,0
Wheat,Kharif,Loamy,16.27,7,23,761.8,24.8,Drip,100.2,1.44,Certified,Conventional,12,0,1,1984,1598,0
Rice,Kharif,Loamy,18.13,6.2,25.8,1456.6,40.8,Drip,54.5,6.38,Hybrid,Organic,31,1,0,2245,4675,1
Maize,Kharif,Clay,4.87,7.8,63.2,787.9,38.2,Flood,34.4,1.87,Hybrid,Organic,9,0,0,3123,2970,0
Rice,Kharif,Sandy,2.27,6.9,36.9,385.6,35.3,Rainfed,66.3,5.46,Hybrid,Conventional,19,1,1,2846,3704,1
Rice,Kharif,Loamy,17.67,5.3,31.1,706.3,19.9,Flood,70.4,0.57,Certified,Conventional,17,0,0,3272,2371,0
Sugarcane,Rabi,Loamy,8.4,7,22.4,1437.2,20.5,Drip,69.2,3.51,Hybrid,Mixed,2,1,0,33989,43954,1
Wheat,Rabi,Sandy,11.29,8.2,21.3,615.6,29.8,Drip,72.2,6.93,Hybrid,Conventional,5,0,1,2904,1348,0
Rice,Rabi,Clay,19.39,6.4,66.5,1328.5,21.9,Rainfed,114.4,5.1,Certified,Conventional,39,0,1,3284,1812,0
Wheat,Kharif,Clay,2.26,6,28.1,1345.6,41.5,Rainfed,109.2,9.79,Certified,Mixed,16,0,0,2763,1796,0
Sugarcane,Kharif,Loamy,13.32,5.5,48.1,655.2,21.8,Flood,106.3,8.8,Hybrid,Conventional,17,1,0,39776,25974,0
Rice,Kharif,Clay,2.41,5.5,56.4,308.2,29.7,Flood,98.2,3.91,Certified,Conventional,27,0,0,2132,3853,1
Maize,Rabi,Clay,8.13,6.5,45.7,1141.9,26.7,Drip,113.8,0.93,Hybrid,Organic,7,1,1,2495,2291,0
Rice,Rabi,Loamy,16.27,7.1,21.6,605,33.3,Rainfed,20.8,8.53,Certified,Conventional,8,1,1,2866,2874,1
Rice,Kharif,Black,9.24,5.3,67,1217.8,21.1,Rainfed,39.2,9.16,Hybrid,Mixed,8,1,0,2105,2162,1
Wheat,Zaid,Sandy,19.95,8.3,20.6,775.5,28.3,Sprinkler,64.5,8.3,Certified,Conventional,23,1,0,2765,1988,0
Wheat,Kharif,Sandy,11.62,7.6,65.7,830.8,24.6,Flood,103.1,1.72,Hybrid,Conventional,32,1,1,2289,1900,0
Maize,Rabi,Loamy,7.1,7.1,73.6,1211.3,39.3,Sprinkler,65.6,9.98,Certified,Conventional,18,0,0,2884,2527,0
Maize,Rabi,Black,5.18,7.9,46,697.1,19,Drip,92.3,2.96,Certified,Mixed,38,1,1,2101,4217,1
Cotton,Zaid,Loamy,7.66,5.3,52.1,776.1,39.9,Sprinkler,25.3,7.38,Certified,Conventional,12,1,1,438,330,0
Wheat,Rabi,Clay,8.08,6.7,48.6,689,38,Drip,37.8,9.13,Local,Conventional,15,1,1,1954,2131,1
Wheat,Rabi,Sandy,2.31,7.2,43.4,677.5,25.1,Sprinkler,90.5,2.74,Certified,Mixed,28,0,1,2699,3475,1
Sugarcane,Kharif,Clay,8.02,7.9,73.2,883.7,36.9,Flood,28.1,9.13,Hybrid,Organic,38,0,0,28824,26163,0
Rice,Rabi,Loamy,9.82,7.7,73.6,1251.4,18.7,Flood,48.6,3.44,Certified,Mixed,31,1,0,3229,3864,1
Wheat,Kharif,Sandy,14.73,6,40.1,670.3,41.2,Flood,39.1,9.78,Certified,Conventional,9,0,0,2209,3021,1
Rice,Zaid,Black,13.48,8.3,56.9,881.5,30.6,Sprinkler,48.5,3.17,Hybrid,Conventional,8,1,0,2106,4310,1
Rice,Rabi,Loamy,14.47,5.4,75.6,1071.9,25.3,Drip,87.9,9.56,Hybrid,Conventional,19,1,1,2596,2087,0
Cotton,Rabi,Silty,1.16,8.1,77.7,550.3,26.7,Flood,50.5,1.01,Local,Conventional,8,1,0,571,217,0
Sugarcane,Rabi,Black,5.14,8.4,50.5,560.8,19.6,Sprinkler,71.1,7.24,Local,Conventional,34,0,0,26634,28860,1
Maize,Rabi,Clay,13.57,5.6,47.2,1413.4,41.7,Sprinkler,21,5.56,Local,Conventional,4,0,0,2780,1414,0
Wheat,Rabi,Loamy,10.2,7.5,36.7,1140.6,18.9,Rainfed,98.6,5.04,Hybrid,Conventional,31,1,0,2898,3018,1
Rice,Rabi,Loamy,1.1,5.1,77.5,950.3,33.7,Flood,50.7,2.62,Hybrid,Organic,38,1,0,2994,3637,1
Rice,Kharif,Loamy,16.29,6.4,28.6,1042,28.6,Rainfed,81.3,7.2,Hybrid,Organic,3,1,1,2152,2592,1
Rice,Kharif,Loamy,15.68,6.8,54.8,238.1,40.8,Flood,89.8,2.31,Local,Mixed,35,0,0,3225,4002,1
Wheat,Kharif,Black,11.42,7,37,1003.5,23.9,Drip,33.1,5.75,Hybrid,Conventional,19,0,0,2492,3601,1
Maize,Kharif,Silty,2.26,8.3,36.7,862.4,30.8,Flood,107.3,2.91,Hybrid,Mixed,29,1,0,2154,3475,1
Maize,Zaid,Sandy,15.56,7.4,44.3,909.5,29.6,Sprinkler,77.8,9.58,Certified,Organic,10,1,1,1879,2857,1
Rice,Kharif,Loamy,12.09,6.7,79.9,667.3,34.9,Flood,57.2,0.77,Certified,Conventional,12,0,0,2153,2526,1
Cotton,Zaid,Black,15.86,7.8,23.3,305.9,19.6,Drip,30.1,2.4,Local,Conventional,30,0,0,330,285,0
Maize,Kharif,Black,15.28,8.3,54.7,451.3,22.7,Rainfed,113.7,2.8,Certified,Mixed,30,0,1,2170,1729,0
Maize,Kharif,Black,16.26,5.1,25,1436,23.1,Drip,93.1,4.43,Hybrid,Mixed,18,0,0,2229,3071,1
Maize,Rabi,Clay,10.84,8.4,29.3,731.3,35.7,Rainfed,32.9,2.71,Certified,Organic,24,0,1,2175,1429,0
Wheat,Rabi,Sandy,3.67,5.3,46.4,806.7,22.5,Rainfed,47.1,5.17,Local,Mixed,32,1,1,1919,1406,0
Rice,Rabi,Clay,13.75,7.9,50.6,268.5,31.8,Flood,99.1,8.79,Certified,Organic,9,1,1,3345,3712,1
Wheat,Rabi,Loamy,12.79,6,35.5,248.8,23.2,Flood,86.5,7.26,Local,Conventional,24,1,0,2789,3382,1
Sugarcane,Rabi,Clay,15.1,5.5,39,1132.3,38.7,Flood,94.2,6.01,Certified,Mixed,26,0,1,26632,41920,1
Rice,Kharif,Sandy,4.23,6.5,25.2,899.5,40.6,Rainfed,58.5,1.35,Local,Mixed,3,1,0,3462,2734,0
Rice,Zaid,Silty,4.7,7.3,38.2,861.3,30.4,Flood,88.8,7.09,Hybrid,Mixed,23,1,1,2319,3418,1
Rice,Zaid,Clay,17.92,6.3,78,516.1,26.5,Rainfed,52.5,2.08,Certified,Conventional,11,1,1,3257,1579,0
Rice,Rabi,Loamy,15.25,5.2,76.7,1168.2,23.6,Flood,33.2,7.97,Hybrid,Organic,10,1,1,3203,3231,1
Sugarcane,Kharif,Loamy,18.26,7.1,40.1,418.7,19.2,Rainfed,79.6,2.88,Certified,Organic,36,0,1,34916,23248,0
Maize,Rabi,Loamy,15.42,8.2,54.3,446.9,24.4,Flood,117.4,4.46,Certified,Conventional,13,1,0,2095,3277,1
Wheat,Kharif,Clay,12.35,6.3,74.6,798.9,33.7,Flood,44.2,3.83,Local,Mixed,29,1,0,2789,3150,1
Rice,Kharif,Loamy,13.43,5.8,20.4,572.2,30.8,Rainfed,60.7,8.66,Hybrid,Organic,38,0,1,2226,2831,1
Wheat,Kharif,Silty,17.89,6.5,68.6,521.7,40.7,Rainfed,84.1,1.7,Hybrid,Conventional,13,1,1,2261,3132,1
Wheat,Rabi,Clay,12,5.2,76.9,1038.8,27.5,Flood,69.6,5.87,Certified,Conventional,26,0,0,2491,3379,1
Rice,Zaid,Clay,13.02,7.9,25.5,1046.3,34.7,Drip,102.8,1.85,Hybrid,Conventional,20,0,1,2129,3507,1
Wheat,Rabi,Loamy,3.97,7.9,29.7,1271.9,29.7,Flood,93.8,7.2,Local,Conventional,5,0,0,2129,2646,1
Wheat,Rabi,Black,10,7.1,77.6,743,30.3,Rainfed,16.4,9.1,Hybrid,Conventional,20,0,0,2093,2221,1
Maize,Kharif,Silty,14.61,6.2,52.3,295,24.4,Rainfed,119.8,4.63,Local,Mixed,14,1,1,2003,2909,1
Maize,Kharif,Silty,6.15,7.8,20.9,555.8,28.9,Rainfed,92.8,5.14,Local,Organic,14,0,1,2413,2750,1
Rice,Kharif,Loamy,4.84,6.9,35.5,1474,29.3,Drip,105,9.31,Certified,Mixed,8,1,0,2103,3330,1
Wheat,Zaid,Sandy,6.96,7.9,47,975.1,35,Flood,81.6,5.45,Certified,Organic,13,1,1,1823,2385,1
Maize,Kharif,Clay,5.59,7.2,61.6,1122.7,40.6,Flood,104.2,5.13,Local,Organic,24,1,1,2073,1878,0
Wheat,Zaid,Sandy,5.08,7.7,64,209.6,25.9,Rainfed,22.4,5.99,Hybrid,Conventional,15,1,1,2906,2920,1
Sugarcane,Rabi,Black,9.07,7.1,79.7,873.7,19,Drip,48.3,7.05,Certified,Mixed,1,0,0,34098,33312,0
Maize,Kharif,Sandy,18.25,6.4,37.3,248.8,29.9,Rainfed,106.4,1.52,Certified,Conventional,22,1,0,3160,1629,0
Rice,Rabi,Black,10.63,8.4,52.3,940,31.1,Flood,32.2,8.3,Hybrid,Conventional,34,0,1,2674,3451,1
Rice,Rabi,Silty,4.57,6.9,52,1397,22,Drip,18.6,4.64,Local,Conventional,3,1,0,3013,2777,0
Maize,Zaid,Clay,2.46,7.1,44.3,1458.9,36.3,Sprinkler,96.7,1.19,Certified,Conventional,26,1,1,2375,2717,1
Rice,Zaid,Black,14.23,5.8,30.1,902.7,41.6,Sprinkler,101.9,7.97,Certified,Mixed,14,0,0,3123,2014,0
Maize,Kharif,Clay,8.27,7.2,78.6,795.7,40.7,Flood,27.9,4.08,Local,Mixed,8,1,1,2789,2639,0
Cotton,Kharif,Sandy,16.61,7,71.2,1428.5,22.7,Drip,104,1.45,Local,Organic,16,0,0,314,234,0
Maize,Rabi,Clay,13.53,5.6,49.9,1075.7,39,Drip,85.5,6.52,Hybrid,Conventional,21,1,0,2213,3374,1
Wheat,Zaid,Clay,16.13,5.2,56.2,284.4,34.9,Rainfed,67.2,8.86,Local,Mixed,10,1,1,2498,2670,1
Maize,Kharif,Loamy,6.17,7.1,33.6,805.4,28.9,Drip,101.3,8.93,Hybrid,Conventional,25,1,1,3175,3088,0
Wheat,Rabi,Loamy,14.15,7.7,52.6,512.3,31,Sprinkler,56.1,9.6,Local,Conventional,38,0,1,1535,3578,1
Wheat,Rabi,Loamy,6.02,6.8,61.7,810.7,38.4,Flood,31.3,8.74,Hybrid,Organic,22,1,1,2165,2033,0
Cotton,Rabi,Sandy,18.84,5.8,50.9,792.1,29.5,Flood,41.3,0.52,Certified,Conventional,4,1,1,392,194,0
Wheat,Kharif,Clay,13.09,7.3,79.4,956.8,27,Rainfed,65.6,4.11,Hybrid,Organic,4,1,0,2969,3250,1
Cotton,Rabi,Clay,7.17,5.3,56.7,663.8,29.8,Flood,68.4,8.28,Hybrid,Mixed,30,0,0,567,387,0
Cotton,Zaid,Sandy,6.12,6.5,42.3,413.6,31.9,Rainfed,98.6,3.98,Local,Conventional,2,0,1,383,412,1
Rice,Kharif,Loamy,4.63,5.6,66.3,854.8,22.5,Flood,97,6.21,Certified,Conventional,29,0,0,3132,1715,0
Rice,Kharif,Silty,14.2,5.6,30.2,1279.3,39.6,Drip,74,6.26,Local,Mixed,36,1,0,3156,2292,0
Rice,Zaid,Silty,5.16,5.7,43.1,1063.2,34.2,Drip,95.9,3.97,Local,Organic,21,0,0,3041,3443,1
Rice,Kharif,Black,12.31,6.4,40.8,639.9,33.2,Flood,31.1,9.09,Certified,Conventional,21,0,1,2558,2909,1
Rice,Zaid,Silty,6.03,5.2,45.9,1416.2,20.4,Sprinkler,15.5,5.28,Local,Conventional,21,0,1,2202,1698,0
Maize,Rabi,Loamy,13.58,6.4,66.9,1385.9,32.5,Flood,106.1,4.92,Hybrid,Conventional,4,0,0,2836,3228,1
Rice,Kharif,Silty,16.48,6.8,49.1,472.2,20.9,Flood,18.3,9.98,Local,Mixed,1,0,1,3221,3344,1
Wheat,Zaid,Loamy,15.78,6.7,67.6,251.2,19.9,Sprinkler,37.1,5.19,Hybrid,Mixed,26,1,0,2566,3285,1
Sugarcane,Kharif,Loamy,15.46,6.3,54.6,1163.7,30.7,Drip,86.5,2.19,Hybrid,Organic,2,0,0,26767,30594,1
Rice,Rabi,Silty,4.57,7.9,40.5,1275.9,27.7,Sprinkler,55,5.37,Hybrid,Mixed,9,0,1,2958,2334,0
Sugarcane,Kharif,Loamy,2.68,5.5,68.6,1458.2,32.1,Flood,106.4,8.23,Certified,Conventional,18,1,1,35350,33573,0
Rice,Rabi,Silty,14.28,6.8,34.3,1356.8,20.1,Flood,42.8,7.88,Certified,Mixed,11,1,0,2749,2208,0
Rice,Kharif,Black,8,5.2,33.5,980.7,28.3,Flood,11.3,7.99,Hybrid,Conventional,25,0,0,2806,1712,0
Maize,Kharif,Black,9.21,5.2,50.3,889.1,22.2,Drip,43.1,7.23,Local,Conventional,26,1,0,2900,3130,1
Maize,Zaid,Black,1.59,7,35.7,236.2,41.7,Flood,73.6,2.92,Hybrid,Conventional,36,0,1,1916,3395,1
Sugarcane,Kharif,Loamy,5.93,7,20.5,520.7,31.5,Rainfed,51.4,8.69,Hybrid,Conventional,35,1,0,34666,32949,0
Maize,Rabi,Loamy,1.64,8.1,58.9,797.5,34.5,Sprinkler,68.8,8.99,Certified,Conventional,38,1,0,1833,4046,1
Sugarcane,Kharif,Sandy,17.7,7,50.7,1017.1,25.8,Flood,106.4,2.34,Hybrid,Conventional,3,1,0,28709,21472,0
Rice,Rabi,Loamy,5.62,8.4,46.7,924.4,20.3,Rainfed,110.4,1.74,Certified,Mixed,35,1,1,2179,2236,1
Rice,Kharif,Sandy,11.59,5.2,78,1165.4,41.4,Sprinkler,39.3,9.77,Local,Conventional,22,1,1,2618,1966,0
Sugarcane,Zaid,Silty,1.74,5.3,54.3,563.7,24.9,Flood,60.8,8.75,Local,Mixed,8,1,1,34542,39515,1
Sugarcane,Rabi,Silty,13.67,5.2,71.8,934.4,28.2,Drip,70.4,8.99,Hybrid,Conventional,15,0,0,33443,31947,0
Cotton,Kharif,Loamy,7.14,5.6,28.4,314.6,33.6,Flood,114.4,8.92,Certified,Conventional,7,0,0,330,318,0
Wheat,Kharif,Clay,18.06,6.9,54.2,737.8,18.6,Drip,119.8,5.65,Certified,Mixed,19,1,0,1662,1977,1
Wheat,Kharif,Loamy,17.87,7.3,72.1,1175.2,37.4,Rainfed,35.9,6.64,Hybrid,Conventional,17,1,0,1944,3278,1
Sugarcane,Rabi,Clay,7.18,5.2,55,1101.4,30.9,Flood,90,5.68,Hybrid,Mixed,1,1,1,39015,46995,1
Wheat,Kharif,Black,18.12,8.3,63.1,1487.8,24.7,Rainfed,51.6,0.99,Local,Mixed,29,1,1,2789,1306,0
Cotton,Rabi,Loamy,19.93,7.9,42.3,561.3,19.5,Flood,10.9,7.58,Certified,Conventional,13,1,1,327,643,1
Sugarcane,Kharif,Clay,16.68,6,25.5,847.6,21.9,Flood,11,5.3,Local,Conventional,29,1,1,27417,37753,1
Wheat,Kharif,Clay,17.05,5.3,47.5,628.4,39.5,Flood,60.7,6.65,Hybrid,Organic,6,1,0,2348,3338,1
Sugarcane,Rabi,Sandy,5.73,5.6,43.7,772.8,34.5,Rainfed,63.7,5.28,Certified,Conventional,5,1,0,37603,34460,0
Sugarcane,Rabi,Sandy,11.96,5.4,72,1314,24,Rainfed,12.5,5.17,Hybrid,Conventional,34,1,1,36931,29402,0
Rice,Kharif,Loamy,2.28,5.4,34.6,1089.5,19.6,Flood,85.6,2.13,Certified,Mixed,11,0,0,3221,3517,1
Cotton,Kharif,Clay,2.8,6.8,78,1347.2,34.6,Rainfed,42.3,3.15,Hybrid,Conventional,9,1,0,357,266,0
Wheat,Kharif,Loamy,19.98,5.9,77.5,464.6,31.7,Flood,71.6,2.01,Local,Conventional,38,0,0,2407,1857,0
Sugarcane,Rabi,Loamy,7.21,6.3,34.9,1335.4,27.7,Flood,43.1,2.36,Hybrid,Conventional,9,0,1,37626,44513,1
Wheat,Rabi,Silty,15.22,8.5,40.9,277.7,26.7,Flood,28.4,9.74,Local,Mixed,8,0,0,1918,2677,1
Sugarcane,Rabi,Sandy,16.33,7.4,73.7,1355.2,23.2,Sprinkler,54.8,1.95,Hybrid,Organic,3,0,1,35491,22522,0
Wheat,Rabi,Loamy,17.3,8.3,78,627.8,34.1,Drip,35.6,3.06,Certified,Organic,13,1,0,2928,2743,0
Rice,Rabi,Loamy,19.95,5.5,46.6,609,41.3,Sprinkler,68.8,6.11,Hybrid,Conventional,19,1,1,2643,4341,1
Cotton,Rabi,Black,5.59,6.3,39.3,865.7,22.2,Flood,31.9,6.3,Hybrid,Mixed,34,1,1,361,636,1
Rice,Zaid,Loamy,1.77,6.9,51.6,1422.9,32.3,Sprinkler,65.9,1.96,Hybrid,Mixed,32,0,0,2200,3277,1
Wheat,Kharif,Silty,8.81,5.3,61.3,262.1,28.2,Flood,27.3,8.04,Certified,Conventional,16,0,0,2519,1336,0
Cotton,Kharif,Clay,3.47,5,36.4,657.9,28.7,Rainfed,83.8,7.96,Hybrid,Mixed,36,0,0,416,598,1
Cotton,Kharif,Loamy,1.43,7.3,64.2,1313.5,24.1,Sprinkler,92.9,2.75,Certified,Conventional,18,1,0,327,582,1
Maize,Kharif,Clay,7.85,7.2,23.1,714.9,37.8,Flood,22.1,3.24,Certified,Mixed,14,0,1,2708,3481,1
Maize,Rabi,Sandy,15.89,6.4,23,458.9,29.6,Drip,61.5,9.41,Hybrid,Organic,30,1,1,2309,1798,0
Wheat,Zaid,Black,11.76,6.7,43.2,752.2,31,Drip,17.8,8.34,Certified,Organic,2,1,0,2764,1319,0
Rice,Kharif,Loamy,6.94,6.5,41.2,701.2,25.3,Rainfed,75.8,7.13,Local,Organic,13,0,1,3328,2626,0
Wheat,Kharif,Clay,13.43,5.1,38.9,1390,22.4,Flood,39.1,1.28,Hybrid,Conventional,27,1,0,2537,2871,1
Maize,Rabi,Clay,5.41,6.2,49.5,1190.5,20.1,Rainfed,68,4.47,Local,Mixed,17,0,1,2792,1583,0
Sugarcane,Zaid,Loamy,1.27,5.6,39.2,856.7,35.1,Drip,66.9,5.81,Hybrid,Conventional,31,1,1,28686,45960,1
Sugarcane,Kharif,Clay,15.52,5.3,31.5,1484.9,22.7,Flood,111.7,2.28,Hybrid,Mixed,15,0,0,26181,30120,1
Sugarcane,Rabi,Clay,12.85,8.3,38.6,804.9,34.6,Sprinkler,70.4,4.76,Certified,Conventional,20,1,1,37094,34556,0
Rice,Kharif,Silty,15.48,7.1,78.5,275.7,27.4,Sprinkler,74.1,6.21,Local,Organic,5,0,0,2154,2873,1
Wheat,Kharif,Loamy,1.74,7.6,44.7,541,28,Drip,54.2,3.61,Hybrid,Conventional,7,0,0,1986,4044,1
Rice,Zaid,Loamy,16.91,6.1,46.7,766.9,29.3,Drip,114.4,7.92,Local,Conventional,18,0,0,3070,4001,1
Wheat,Zaid,Black,12.77,6.4,54.6,404,26.8,Sprinkler,95.5,8.48,Hybrid,Mixed,11,1,0,2423,3807,1
Wheat,Kharif,Clay,11.7,5.8,79,1431.8,20.4,Drip,41.4,3.57,Certified,Conventional,32,0,1,2570,1532,0
Sugarcane,Zaid,Black,12.87,5.3,34.5,1196.9,25.4,Rainfed,102.9,8.47,Hybrid,Conventional,27,1,0,32398,34272,1
Wheat,Rabi,Loamy,17.42,5.6,60.9,548.8,33.9,Sprinkler,57.6,1.48,Certified,Conventional,26,1,0,2572,1971,0
Rice,Zaid,Black,12.15,7.8,63,968,34,Drip,101.2,8.46,Hybrid,Conventional,37,1,0,3345,1924,0
Rice,Rabi,Sandy,12.04,7.4,56.4,1137.9,24.9,Drip,100.5,1.95,Certified,Mixed,28,0,0,2281,2743,1
Sugarcane,Rabi,Black,19.82,6.9,25.3,1423.7,29,Flood,30.8,1.29,Hybrid,Organic,2,1,0,26611,41538,1
Maize,Rabi,Black,15.38,6.7,60.6,1346.1,22.6,Drip,87.1,6.6,Local,Mixed,20,0,0,3035,3130,1
Rice,Rabi,Loamy,9.4,8.2,23.8,869.7,23,Rainfed,42,4.98,Hybrid,Conventional,4,0,0,3006,1932,0
Rice,Kharif,Black,14.44,5.3,55.8,1207,18.6,Rainfed,42.7,9.12,Local,Conventional,13,1,1,2508,1928,0
Maize,Kharif,Loamy,8.4,6,64.4,930.8,39.5,Sprinkler,42.6,3.95,Hybrid,Mixed,24,0,1,2484,2601,1
Rice,Kharif,Loamy,5.35,6.2,32.7,918.5,23.1,Flood,89.8,3.23,Hybrid,Conventional,38,1,0,2176,3556,1
Sugarcane,Rabi,Loamy,12.34,7.7,70.5,349.2,23.5,Drip,35.3,5.26,Local,Conventional,29,0,1,36390,25226,0
Maize,Kharif,Sandy,18.64,8.5,21.8,364,24.7,Flood,10.1,4.83,Local,Organic,36,1,1,2510,2998,1
Rice,Rabi,Clay,18.65,5.8,70.6,888.4,21.1,Flood,88.7,3.77,Local,Conventional,2,1,1,3183,2925,0
Rice,Zaid,Sandy,7.5,8.1,47.6,549.5,33.3,Sprinkler,28.8,7.09,Certified,Mixed,18,1,0,3098,2010,0
Cotton,Kharif,Sandy,11.03,7.9,33.1,227.3,19.8,Sprinkler,21.5,7.72,Hybrid,Conventional,8,1,1,438,460,1
Wheat,Rabi,Silty,5.02,5.8,28,1139.7,21.2,Flood,36.1,8.6,Certified,Mixed,15,1,0,2693,2822,1
Wheat,Kharif,Black,19.92,6.4,77.2,242.2,33.5,Flood,51.8,9.74,Hybrid,Conventional,17,1,1,2763,2599,0
Sugarcane,Zaid,Loamy,19.64,6.4,24.4,973.9,26.2,Drip,62.3,3.03,Hybrid,Organic,23,1,0,38959,29542,0
Cotton,Kharif,Loamy,13.34,8.4,31.9,901,35,Flood,14.9,7.3,Local,Organic,2,1,1,358,312,0
Cotton,Rabi,Loamy,16.28,5.6,40.9,1459.5,31.4,Flood,116.8,4.25,Local,Conventional,6,1,0,500,497,0
Sugarcane,Rabi,Clay,14.59,7.8,57.2,829.5,24.1,Rainfed,88.8,6.93,Hybrid,Mixed,29,0,1,26014,45717,1
Wheat,Zaid,Clay,12.27,6.2,52.7,282.7,33.6,Drip,45.6,5.02,Certified,Conventional,27,0,0,2084,3366,1
Rice,Rabi,Loamy,2.01,7.6,27.5,917.2,20.8,Rainfed,45.1,9.94,Local,Conventional,37,0,0,3492,1411,0
Sugarcane,Rabi,Loamy,9.64,6.5,37.4,1293.4,30.9,Flood,59.3,7.42,Certified,Mixed,34,0,0,25917,46619,1
Maize,Rabi,Black,13.82,7,34.3,1495.9,28.5,Drip,78.9,9.55,Hybrid,Mixed,18,0,0,2078,3813,1
Wheat,Zaid,Sandy,13.87,7.9,32.8,759.4,24.4,Flood,26.1,8.43,Certified,Organic,10,0,1,2460,2859,1
Cotton,Rabi,Loamy,8.09,7.8,44.7,616.4,32.5,Flood,30.8,9.08,Hybrid,Mixed,38,1,0,532,302,0
Rice,Kharif,Sandy,18.89,8,62.2,1378.6,38.9,Rainfed,104.5,8.24,Local,Conventional,17,0,0,3262,1460,0
Wheat,Zaid,Clay,4.18,5.2,33,448.6,42,Drip,38.2,4.86,Certified,Organic,13,1,0,1805,3156,1
Rice,Rabi,Loamy,10.51,7.4,42,1000.1,32.6,Flood,51.8,2.89,Hybrid,Conventional,27,0,0,3259,1963,0
Wheat,Rabi,Sandy,14.13,5.5,43.5,727.4,27.7,Sprinkler,105.8,4.02,Certified,Conventional,2,0,0,1529,2552,1
Rice,Kharif,Loamy,14.25,6.5,78.6,253.4,23.4,Rainfed,82.9,0.69,Local,Conventional,34,1,0,2614,2407,0
Rice,Rabi,Loamy,13.32,6.9,77.3,651.5,24.2,Sprinkler,47.6,5.48,Local,Conventional,31,0,1,2961,1560,0
Rice,Kharif,Black,6.23,6.4,68,544.8,29.5,Rainfed,85.2,5.3,Certified,Organic,23,1,0,2427,2517,1
Maize,Rabi,Black,3.97,6.8,34.5,1091.9,26.8,Rainfed,12.2,5.49,Certified,Mixed,7,1,0,2311,1905,0
Maize,Kharif,Sandy,13.08,8.5,24.1,1433.4,39.9,Sprinkler,90.9,9.75,Hybrid,Mixed,38,1,0,2676,2141,0
Maize,Rabi,Sandy,12.39,5.5,39,548.5,26.8,Rainfed,63.6,9.16,Certified,Mixed,33,0,1,2512,1966,0
Cotton,Zaid,Sandy,4.41,7.4,36,1254.9,27,Rainfed,99.5,2.04,Hybrid,Conventional,12,0,0,438,268,0
Wheat,Kharif,Loamy,14.4,6.4,50.4,272,27.2,Sprinkler,115,4,Certified,Conventional,12,0,0,2991,2794,0
Rice,Zaid,Loamy,9.65,5.5,66.7,899.6,38.1,Flood,111.8,4.53,Certified,Conventional,19,1,1,3144,3552,1
Sugarcane,Kharif,Clay,13.69,5.6,71.5,291.7,33.6,Flood,110,3.93,Hybrid,Organic,9,1,0,25357,40772,1
Rice,Zaid,Loamy,16.91,8.3,70.7,1414.2,32.7,Sprinkler,66.3,8.09,Certified,Conventional,10,0,1,2240,3561,1
Cotton,Rabi,Sandy,4.22,8.1,41.6,1196.3,26,Drip,49.6,5.48,Local,Conventional,17,1,0,576,403,0
Rice,Rabi,Loamy,1.36,8.2,61.2,1055.3,37.6,Sprinkler,61.2,5.93,Certified,Mixed,39,0,0,2043,1769,0
Cotton,Rabi,Black,15.8,8.5,38.8,1271.1,18.9,Sprinkler,85.9,8.6,Certified,Conventional,10,1,1,541,362,0
Rice,Zaid,Black,12.58,5.7,23.7,1041.8,38.9,Flood,107.2,8.16,Local,Conventional,12,1,1,3322,3756,1
Sugarcane,Kharif,Silty,14.29,6.2,62.1,1459.6,30.3,Drip,32.8,1.76,Hybrid,Conventional,15,1,0,37349,47512,1
Wheat,Kharif,Sandy,16.92,7.3,20.6,1128.1,27.6,Rainfed,111,7.28,Hybrid,Conventional,31,0,1,1530,2438,1
Cotton,Rabi,Black,16.25,6.7,44.6,1402.1,29.9,Flood,99.7,4.64,Certified,Conventional,15,1,0,484,554,1
Rice,Rabi,Clay,19.26,6.5,39.8,872.3,34,Drip,117.7,3.3,Hybrid,Conventional,28,1,0,2672,4782,1
Maize,Rabi,Silty,11.18,6.3,61.6,352.2,18.3,Flood,106.8,0.98,Hybrid,Conventional,4,1,0,2359,1856,0
Cotton,Rabi,Clay,10.28,7.1,66,886.6,38.9,Flood,40.8,5.13,Certified,Conventional,36,1,1,465,481,1
Wheat,Kharif,Silty,8.64,7,38.2,364.9,28.7,Rainfed,21.7,3.88,Local,Organic,1,1,0,1618,1877,1
Maize,Rabi,Loamy,3.92,5.6,68.7,970.2,26.2,Drip,22.3,2.89,Hybrid,Mixed,34,1,0,2584,4029,1
Maize,Kharif,Black,11.88,6.7,37.6,827.2,21.3,Sprinkler,42,7.1,Hybrid,Mixed,17,0,1,2493,3076,1
Wheat,Rabi,Black,6.26,6.9,46.8,1009.3,28.5,Rainfed,77.6,7.81,Hybrid,Conventional,39,1,1,2528,2524,0
Maize,Kharif,Clay,18.5,7,63.6,213.1,29.9,Rainfed,98.5,2.83,Hybrid,Organic,38,0,1,2433,2780,1
Maize,Kharif,Loamy,12.08,5.7,61.6,453.3,27.7,Flood,108.9,0.97,Certified,Mixed,33,0,0,2388,3685,1
Cotton,Kharif,Black,12.26,7.6,79.2,838.7,34.3,Rainfed,78.6,8.56,Hybrid,Conventional,21,1,1,326,548,1
Rice,Kharif,Loamy,7.74,5.1,33.5,1435.7,28.1,Drip,10.6,0.59,Certified,Conventional,26,1,1,2732,4525,1
Rice,Rabi,Black,1.99,6.2,59.7,698.7,41.1,Flood,30.5,9.4,Hybrid,Organic,36,0,0,2661,3285,1
Cotton,Kharif,Sandy,1.6,7.7,56.6,751.7,32.4,Sprinkler,21,6.46,Local,Conventional,5,1,0,495,201,0
Sugarcane,Kharif,Loamy,9.04,7,74.9,1129.1,37.4,Drip,50,3.56,Hybrid,Mixed,33,1,0,35080,49016,1
Wheat,Kharif,Loamy,2.61,5.9,29.4,984.9,20.6,Rainfed,65.1,2.84,Local,Mixed,1,1,0,2180,3139,1
Maize,Kharif,Loamy,12.53,7.4,65.1,588.6,27.5,Drip,14.8,0.59,Certified,Conventional,6,0,1,3120,3595,1
Rice,Kharif,Silty,17.74,7,54.1,734.1,26.1,Flood,48.3,2.74,Hybrid,Conventional,37,0,0,3325,3335,1
Rice,Kharif,Loamy,17.78,7.8,36.5,483,31.7,Rainfed,29.7,1.81,Local,Organic,2,0,1,3375,2275,0
Wheat,Rabi,Sandy,13.52,7.6,48.5,1455.8,38.7,Drip,81.2,6.32,Hybrid,Organic,5,0,0,2236,2902,1
Wheat,Rabi,Loamy,5.01,7.1,40,369.8,19.9,Rainfed,61.1,2.08,Hybrid,Mixed,26,1,0,1667,1422,0
Maize,Rabi,Sandy,17.4,6.7,54.8,683.4,19.7,Rainfed,64.5,5.52,Certified,Conventional,13,1,1,2808,2303,0
Rice,Rabi,Black,17.84,5.5,73.3,233.6,38.4,Flood,57,6.11,Hybrid,Conventional,12,1,0,2559,2371,0
Cotton,Kharif,Black,4.74,5.9,54.2,488.3,23.1,Drip,115.2,3.33,Certified,Mixed,5,1,0,310,524,1
Cotton,Zaid,Loamy,15.01,6.5,57.9,1214.6,34.1,Sprinkler,33.6,0.83,Local,Mixed,2,1,1,536,230,0
Maize,Rabi,Black,6.44,7.1,51.1,461.5,31,Flood,66.8,0.85,Certified,Mixed,4,1,0,2280,2224,0
Wheat,Rabi,Silty,16.25,6.8,23.1,304.1,38,Sprinkler,91,0.75,Local,Organic,27,1,0,2616,1818,0
Wheat,Kharif,Sandy,19.95,6,34,816.8,21,Sprinkler,71.3,7.52,Hybrid,Organic,10,1,0,2343,2221,0
Sugarcane,Kharif,Black,1.57,5,49.5,213,21.1,Rainfed,112.2,3.52,Certified,Conventional,13,1,0,26828,34255,1
Maize,Kharif,Loamy,18.05,6.7,38.6,310.2,31.4,Drip,51.6,8.06,Hybrid,Conventional,2,0,0,1829,4038,1
Rice,Kharif,Clay,12.83,6,30.9,1249.9,40.7,Flood,61,4.6,Local,Mixed,26,0,1,2457,3761,1
Cotton,Rabi,Black,19.49,7.6,50.2,1202.9,28,Drip,19.7,4.8,Local,Conventional,15,0,1,327,680,1
Sugarcane,Rabi,Loamy,9.84,5.1,39.4,1389.7,25.8,Flood,77,5.37,Certified,Mixed,10,1,0,27562,39853,1
Cotton,Rabi,Black,17.1,7,35.5,1310.9,32.6,Rainfed,41.7,7.27,Certified,Conventional,22,1,1,391,518,1
Maize,Rabi,Black,2.19,8.3,47.8,1088.1,40.3,Sprinkler,27.6,3.1,Certified,Mixed,25,1,0,2265,2834,1
Maize,Rabi,Clay,7.37,5.6,28,268,38.1,Drip,69.9,1.66,Certified,Conventional,15,1,1,2353,3684,1
Wheat,Rabi,Black,2.27,6.7,75.7,1217.7,41.9,Flood,68.6,5.78,Hybrid,Mixed,13,1,1,2938,1421,0
Cotton,Zaid,Loamy,19.53,5.3,72.1,1299.2,18.5,Flood,18.3,3.61,Local,Organic,8,0,1,359,545,1
Sugarcane,Kharif,Sandy,16.52,7.2,62.5,1238.8,20.7,Flood,86.8,4.7,Hybrid,Conventional,21,0,0,29530,32205,1
Rice,Kharif,Sandy,17.2,6.9,26.4,861,32.6,Sprinkler,78.6,6.65,Hybrid,Mixed,21,1,0,2467,2814,1
Rice,Kharif,Black,18.82,6.4,66.6,502.8,37.7,Sprinkler,30.8,5.19,Hybrid,Conventional,22,1,1,2874,4261,1
Wheat,Rabi,Clay,2.62,6.8,68.5,1298.9,24.8,Rainfed,61.6,6.39,Hybrid,Conventional,33,1,0,1572,1376,0
Sugarcane,Zaid,Loamy,8.33,8.1,66.1,1145.3,23.7,Rainfed,89.2,5.67,Certified,Mixed,27,1,1,33797,30359,0
Cotton,Kharif,Silty,2.35,5.7,26.8,1475,36.9,Flood,68.2,7.53,Hybrid,Conventional,22,1,0,334,579,1
Rice,Zaid,Silty,5.01,5.1,58.6,402.4,19.4,Rainfed,53.5,7.21,Local,Conventional,30,1,1,2764,3307,1
Maize,Kharif,Silty,5.36,8,70.1,493.4,26.9,Flood,45.5,5.57,Hybrid,Organic,9,1,0,2235,1897,0
Wheat,Zaid,Clay,9.91,7,54.6,475.3,30.1,Flood,77.1,6.95,Certified,Mixed,35,1,0,1751,1374,0
Cotton,Kharif,Loamy,6.1,8.1,58.8,1230.3,31.4,Drip,113.3,8.8,Certified,Conventional,18,1,0,591,396,0
Sugarcane,Kharif,Loamy,2.92,7.1,47.5,443,35.5,Flood,83.9,4.61,Certified,Conventional,5,1,1,36454,33043,0
Sugarcane,Rabi,Black,4.18,7.8,51.7,286.7,26.5,Flood,18.2,4.42,Hybrid,Organic,27,1,0,35653,33629,0
Wheat,Kharif,Loamy,3.8,6.5,22.1,1498.1,32.7,Drip,60.7,7.76,Local,Conventional,6,0,0,2492,1839,0
Wheat,Kharif,Loamy,19.49,7.6,58.3,232.3,32,Flood,108,6.03,Certified,Organic,32,1,0,2517,2522,1
Rice,Kharif,Black,15.43,8.2,24.9,1285.8,31.1,Rainfed,20.4,1.17,Local,Organic,8,0,1,2282,3296,1
Rice,Rabi,Clay,19.39,7,46.1,675,33.4,Flood,118.8,8.98,Hybrid,Conventional,39,0,1,3359,4141,1
Sugarcane,Rabi,Black,9.36,5.6,37.6,1294.1,24.2,Flood,114.4,0.79,Hybrid,Organic,21,0,0,39580,49612,1
Sugarcane,Kharif,Silty,6.29,5.9,52.7,921,20,Rainfed,18.6,7.61,Local,Organic,18,0,1,31165,24618,0
Cotton,Rabi,Black,16.17,5.7,28,1372.1,20.9,Drip,112.7,7.71,Certified,Conventional,14,0,1,446,650,1
Cotton,Rabi,Loamy,7.2,5.9,61.5,1404.1,23.4,Flood,49.9,9.55,Local,Organic,15,0,1,390,269,0
Maize,Kharif,Clay,6.69,6.1,67.7,211.8,30,Rainfed,102.9,1.01,Certified,Conventional,26,1,0,2594,2717,1
Sugarcane,Kharif,Silty,5.42,6.9,29.8,298,38.2,Flood,56,6.17,Hybrid,Organic,32,1,1,25589,46153,1
Cotton,Kharif,Black,3.46,7.1,26.3,525.5,34.8,Sprinkler,58.5,4.56,Local,Conventional,39,0,0,528,516,0
Sugarcane,Kharif,Silty,5.87,6.5,28.7,1070.1,36.9,Drip,79.8,3.64,Local,Conventional,28,0,0,32377,29027,0
Rice,Rabi,Clay,7.75,7.2,72.6,1354.8,26.4,Rainfed,95.2,1.36,Hybrid,Mixed,39,0,1,2855,4208,1
Wheat,Kharif,Silty,13.81,5.3,51.7,797.9,27.7,Flood,13.7,5.85,Hybrid,Conventional,32,0,1,2875,2706,0
Rice,Rabi,Silty,2.19,5.3,48,989.1,27.4,Rainfed,75.2,5.05,Hybrid,Organic,13,0,1,2326,3924,1
Cotton,Rabi,Silty,5,5.6,26.4,445,22.6,Flood,30.5,1.49,Local,Organic,15,0,0,482,608,1
Maize,Kharif,Silty,16.37,6.8,59,1246.5,19.5,Flood,48.1,6.32,Certified,Conventional,18,0,0,3156,2756,0
Rice,Rabi,Black,3.79,5.7,72.1,1457.5,32.2,Rainfed,48.3,7.51,Local,Mixed,39,1,0,2050,2615,1
Maize,Kharif,Sandy,7.51,6,69.7,549.2,41.7,Flood,61.6,7.79,Hybrid,Conventional,6,0,1,2176,2560,1
Maize,Zaid,Clay,17.43,6.4,57.6,843.3,22,Sprinkler,46.8,9.1,Hybrid,Conventional,11,0,0,2587,2365,0
Wheat,Rabi,Loamy,3.94,7.8,24.5,312,19.1,Flood,21.8,4.39,Hybrid,Organic,32,0,0,1633,4048,1
Rice,Rabi,Clay,2.57,5,26.7,926.9,36.7,Rainfed,26,9.55,Hybrid,Conventional,20,0,0,2647,3005,1
Maize,Rabi,Loamy,10.21,7.3,23,853.6,24.1,Sprinkler,13.7,8.72,Local,Conventional,33,1,0,1914,2937,1
Wheat,Kharif,Loamy,6.75,7.3,35.4,387.8,37.9,Sprinkler,61.7,3.32,Hybrid,Conventional,8,1,1,2672,1527,0
Sugarcane,Rabi,Clay,11.7,7.8,28.1,774.7,34.9,Drip,115,2.01,Local,Mixed,35,0,0,30188,36777,1
Wheat,Zaid,Loamy,16.27,8.3,35.6,634.3,40.7,Rainfed,22.7,4.64,Certified,Conventional,5,0,1,2539,2814,1
Sugarcane,Rabi,Clay,3.61,5.1,43.1,878.4,27.8,Drip,114.1,4.32,Hybrid,Organic,35,1,1,31360,45671,1
Maize,Rabi,Black,12.03,5.5,76.6,961.4,33.9,Flood,90.7,5.97,Local,Conventional,14,1,0,2776,1581,0
Maize,Zaid,Black,10.6,8.1,56.6,211,29.2,Flood,80.1,6.04,Hybrid,Conventional,21,0,0,2397,3588,1
Sugarcane,Kharif,Clay,3.74,6.6,70.1,1189.3,33.1,Flood,81,7.62,Hybrid,Conventional,24,0,0,33356,25825,0
Wheat,Kharif,Black,12.86,7,62.6,1126.9,28.8,Flood,100.9,5.34,Hybrid,Conventional,17,0,1,2491,2025,0
Rice,Rabi,Sandy,6.2,7.3,26.8,676.2,22.5,Drip,21.8,1.5,Local,Conventional,18,0,1,2685,2045,0
Rice,Kharif,Loamy,10.27,7.4,64.2,268.8,30.2,Flood,65.5,8.65,Local,Conventional,34,1,0,3022,3557,1
Sugarcane,Rabi,Clay,2.56,8.3,36.5,1181.4,30.7,Rainfed,86.7,3.44,Certified,Mixed,12,1,0,38570,21264,0
Maize,Zaid,Sandy,9.73,8.5,58.3,1441.7,37.5,Rainfed,74.6,9.73,Local,Conventional,16,1,1,3179,2248,0
Maize,Kharif,Silty,6.82,7.5,40.5,512.2,35.7,Drip,101.6,1.62,Hybrid,Mixed,4,0,0,2163,2921,1
Rice,Kharif,Silty,16.63,6,79.9,620.6,33.9,Rainfed,17.9,9.6,Certified,Conventional,25,1,1,2592,3410,1
Rice,Rabi,Clay,2.08,8.1,35.8,439,20.7,Flood,86,1.36,Local,Conventional,34,0,0,2647,3546,1
Rice,Kharif,Clay,8.95,5.2,36.7,950,35.3,Rainfed,68.7,2.69,Hybrid,Mixed,28,1,0,2617,1900,0
Wheat,Rabi,Loamy,9.71,5.8,75.8,401.3,30,Flood,51.7,0.94,Local,Conventional,11,1,1,1693,1554,0
Maize,Kharif,Loamy,14.78,8.1,21.5,663.1,39.5,Flood,47.4,7.2,Certified,Mixed,13,0,1,2567,1612,0
Wheat,Rabi,Loamy,11.91,5.9,61.8,1106.1,40.1,Rainfed,78.3,8.58,Certified,Mixed,31,1,0,2510,1972,0
Wheat,Kharif,Loamy,13.68,5.8,63.5,928.2,19.3,Rainfed,108,4.62,Hybrid,Organic,25,0,0,2566,3423,1
Cotton,Rabi,Black,15.76,5.5,70.2,702.4,37.7,Flood,64.6,9.32,Certified,Conventional,39,1,0,440,235,0
Wheat,Rabi,Black,17.38,8,78.5,746.3,18.9,Sprinkler,100.7,6.11,Local,Organic,10,1,0,2041,2740,1
Wheat,Rabi,Loamy,6.96,6.8,78.5,930.7,26.8,Sprinkler,54.2,6.49,Certified,Mixed,24,1,1,2818,3577,1
Sugarcane,Kharif,Black,11.22,7.4,23.9,207.6,31,Sprinkler,21.3,8.53,Hybrid,Mixed,1,1,0,39241,42048,1
Wheat,Rabi,Loamy,16.96,5.8,69.3,302.1,21.6,Sprinkler,16.8,3.32,Certified,Organic,25,0,1,1713,2917,1
Maize,Zaid,Loamy,19.8,7.7,58.8,1345.6,35.9,Sprinkler,15.6,3.87,Certified,Organic,28,1,0,2493,2112,0
Sugarcane,Kharif,Loamy,17.9,7.7,58.8,301.2,18.2,Rainfed,51.8,9.11,Local,Conventional,36,1,1,33872,25405,0
Cotton,Kharif,Sandy,8.06,6.1,27.7,1118.8,22,Drip,47.1,9.06,Certified,Conventional,18,1,0,502,687,1
Rice,Kharif,Black,4.71,6.4,59,1396,31.9,Flood,89,9.78,Hybrid,Organic,6,0,1,2899,2994,1
Cotton,Rabi,Sandy,10.3,5.7,78.9,551.9,35.1,Drip,91.7,9.07,Local,Conventional,2,0,1,477,338,0
Wheat,Rabi,Loamy,15.09,8.4,74.7,681.6,40,Sprinkler,15.6,1.71,Hybrid,Conventional,3,1,1,2526,3725,1
Rice,Rabi,Sandy,10.36,7.3,46.3,939.6,34.9,Drip,34.3,8.33,Local,Organic,8,0,0,2115,2162,1
Wheat,Kharif,Clay,10.18,8.3,22.4,1346.2,34.1,Sprinkler,40.2,4.39,Certified,Mixed,31,0,0,1963,1342,0
Cotton,Kharif,Black,16.93,6.1,41.7,1424.5,27.5,Rainfed,70.2,9.91,Certified,Mixed,19,0,0,597,302,0
Wheat,Rabi,Sandy,7.87,7.7,69.6,1161.4,18,Rainfed,25.9,4.99,Local,Mixed,6,1,1,2825,1441,0
Wheat,Rabi,Loamy,17.34,7.7,62.1,312.6,20.9,Sprinkler,24.7,5.76,Hybrid,Mixed,14,0,0,2026,2440,1
Maize,Zaid,Sandy,8.73,7.4,47.6,1069.9,30.8,Flood,113.8,5.53,Hybrid,Conventional,3,0,0,2160,2008,0
Rice,Kharif,Sandy,7.24,8.4,23.3,733.4,34.2,Flood,98.5,3.56,Hybrid,Conventional,1,0,1,2029,3187,1
Rice,Rabi,Clay,9.63,6.4,45.6,811.9,28,Rainfed,29.9,1.21,Hybrid,Conventional,30,0,1,2595,3224,1
Rice,Kharif,Silty,15.49,5.5,48.1,263.9,35.5,Rainfed,54.7,9.01,Certified,Mixed,19,0,0,3466,1621,0
Rice,Kharif,Loamy,3.39,7.4,75.7,448.4,30.5,Flood,49.1,8.13,Local,Mixed,19,1,1,3245,3348,1
Rice,Rabi,Silty,4.73,7.6,58.5,1227.7,19.8,Flood,97,1.83,Hybrid,Mixed,9,0,1,2393,2066,0
Rice,Rabi,Black,19.08,7,38.7,790.1,22.6,Rainfed,66.1,7.88,Hybrid,Mixed,7,1,0,2527,2448,0
Maize,Zaid,Black,4.33,5.7,51.5,592.2,38.2,Drip,24.1,6.45,Local,Conventional,37,0,1,3163,3896,1
Rice,Kharif,Sandy,11.79,6.8,24,699.2,35.4,Flood,91.3,4.39,Certified,Conventional,7,1,0,2957,3667,1
Wheat,Kharif,Sandy,12.01,6.1,78.4,1310.7,39.5,Rainfed,53.7,2.91,Certified,Conventional,9,1,0,2220,1586,0
Sugarcane,Rabi,Clay,10.3,6.5,41.6,1173.7,20.8,Flood,38.9,8.67,Local,Organic,4,0,0,36691,39992,1
Wheat,Rabi,Silty,13.25,7.3,48.7,554,41.8,Flood,51.3,7.15,Local,Organic,25,0,0,2617,3212,1
Maize,Kharif,Loamy,5.37,7.6,41.3,352.8,23,Flood,64.8,5.7,Hybrid,Conventional,12,1,1,1927,3923,1
Rice,Kharif,Loamy,11.5,5.8,61,527.6,18.3,Sprinkler,47.7,6.29,Certified,Conventional,6,1,0,2197,4099,1
Rice,Kharif,Loamy,8.07,6.4,59.7,1397,41.9,Flood,36.6,1.37,Certified,Conventional,18,1,1,3355,2160,0
Rice,Zaid,Clay,13.57,5.9,62.9,956.1,24.7,Flood,53.8,5,Hybrid,Conventional,21,0,0,3024,2874,0
Rice,Kharif,Sandy,3.68,5.7,36.1,893.5,34,Flood,12.1,2.34,Hybrid,Conventional,15,0,0,3041,2150,0
Rice,Kharif,Clay,11.85,7.7,38.9,975.3,22.2,Flood,95,2.48,Local,Conventional,3,1,0,2821,2992,1
Rice,Kharif,Silty,4.52,8.2,27.5,675.8,31.9,Rainfed,28.8,6.78,Local,Conventional,2,0,0,3092,1664,0
Rice,Kharif,Loamy,6.29,6.3,59.3,1249.2,39.7,Drip,14.8,9.16,Local,Conventional,4,0,1,2461,2613,1
Rice,Kharif,Clay,5.16,7.6,22.4,880.3,25.7,Flood,81.9,4.34,Hybrid,Mixed,32,1,1,2384,1833,0
Wheat,Rabi,Sandy,4.47,8.1,55.9,351.8,34.1,Flood,95.1,2.47,Local,Conventional,2,0,0,2637,2099,0
Rice,Kharif,Clay,16.69,8,72.2,367.8,22.5,Flood,99.5,6.66,Hybrid,Conventional,29,1,1,2534,1936,0
Wheat,Rabi,Loamy,6.43,5.6,73.4,897.9,33,Sprinkler,64.3,8.78,Certified,Mixed,2,0,0,1555,1909,1
Wheat,Kharif,Silty,18.62,8.3,46.9,1417.5,26.1,Flood,32.6,7.61,Certified,Mixed,34,1,1,2041,3382,1
Maize,Rabi,Clay,19.43,6.3,47.6,600.9,23.1,Rainfed,91.1,8.75,Hybrid,Mixed,27,1,0,2673,2167,0
Rice,Zaid,Black,11.85,6.2,24.6,1330.4,25.5,Flood,87,5.6,Local,Conventional,39,1,1,3428,2371,0
Sugarcane,Rabi,Clay,3.72,5.2,60.2,1193.3,22.3,Rainfed,37.1,7.64,Certified,Organic,38,1,0,34777,27506,0
Maize,Rabi,Loamy,8.12,6.7,69.3,522.2,39.6,Rainfed,109.4,1.83,Certified,Conventional,18,0,0,2611,1670,0
Rice,Kharif,Silty,16.16,5.4,34.7,247.2,27.5,Drip,21.5,3.81,Local,Conventional,36,1,0,3397,3577,1
Sugarcane,Kharif,Loamy,7.98,5.9,45.3,332.4,23.9,Sprinkler,118.1,4.2,Certified,Mixed,19,1,1,39265,41420,1
Cotton,Rabi,Clay,2.65,6.1,70.3,1147,28.8,Rainfed,104.6,5.36,Local,Conventional,27,0,0,398,255,0
Rice,Zaid,Loamy,11.58,7.8,72.6,459.6,25.7,Rainfed,85.7,9.33,Certified,Organic,20,1,1,3413,3560,1
Rice,Rabi,Loamy,17.06,8.1,34.6,682.7,35.9,Drip,113.3,8.81,Certified,Organic,21,1,1,2927,1816,0
Sugarcane,Rabi,Black,16.12,6.1,53,852.2,41.3,Drip,89.5,1.78,Local,Organic,23,0,1,27053,38212,1
Maize,Rabi,Loamy,4.33,8,31.5,1143.1,28.5,Drip,31,2.14,Certified,Conventional,30,0,0,2021,3792,1
Rice,Rabi,Silty,13.78,8,26.1,347.2,38.7,Rainfed,58.6,3.9,Hybrid,Mixed,25,1,1,2514,1794,0
Rice,Kharif,Black,5.19,7.7,74.7,728.3,31.6,Drip,17.9,3.26,Certified,Mixed,31,1,0,2227,4148,1
Wheat,Rabi,Loamy,5.15,5.5,69.2,830.6,21.8,Flood,52.9,6.34,Certified,Mixed,27,0,0,2716,2329,0
Wheat,Zaid,Black,17.61,7.4,65.6,903.1,34.6,Rainfed,91.6,9.08,Certified,Conventional,34,1,1,1887,1393,0
Maize,Kharif,Loamy,5.74,8.3,22.9,1263.9,30.3,Drip,52.5,9.64,Certified,Conventional,8,1,0,2723,3330,1
Wheat,Rabi,Black,6,7.4,70.6,423.2,33.6,Flood,46.3,6.71,Certified,Conventional,19,1,0,1716,2265,1
Wheat,Kharif,Clay,1.01,6.2,46.3,1250.2,39.4,Sprinkler,75.5,8.46,Local,Conventional,26,1,1,2896,2624,0
Maize,Rabi,Silty,17.54,6.8,40.5,1100.7,28.6,Rainfed,105.9,5.49,Hybrid,Mixed,28,0,0,2163,3260,1
Rice,Kharif,Loamy,16.06,7.3,52.8,922.6,39.6,Sprinkler,15.2,2.48,Certified,Conventional,4,0,0,2688,3677,1
Rice,Rabi,Loamy,12.92,6.8,25.5,1109.4,36,Flood,52.4,5.48,Hybrid,Mixed,31,0,1,2538,4325,1
Maize,Rabi,Sandy,15.26,5.4,65.4,735.6,29.7,Flood,27.4,5.77,Local,Conventional,16,0,0,2042,2416,1
Sugarcane,Kharif,Silty,3.89,6.1,54.9,379.9,32.5,Sprinkler,86.5,7.55,Local,Organic,10,1,1,29752,29176,0
Wheat,Rabi,Clay,9.71,7.8,31.2,1065.5,25.8,Drip,21.6,2.59,Hybrid,Organic,38,1,1,2241,3804,1
Wheat,Rabi,Clay,7.67,8,31.3,882.1,41.6,Flood,83.1,4,Local,Conventional,10,0,0,1970,2631,1
Rice,Zaid,Silty,2.78,5.5,31.1,1031.2,34,Sprinkler,41.5,3.96,Certified,Mixed,9,1,0,2415,3123,1
Wheat,Kharif,Silty,10.24,8.3,23.4,639.4,19.1,Rainfed,31.9,9.61,Hybrid,Conventional,39,1,0,2612,2991,1
Wheat,Kharif,Black,18.49,6.2,55.3,1378.9,25.8,Rainfed,113,4.72,Hybrid,Mixed,36,0,0,2100,3263,1
Rice,Kharif,Silty,1.76,7.3,70.4,963.6,33,Flood,12,7.67,Hybrid,Mixed,36,0,0,3387,2204,0
Rice,Zaid,Black,6.54,7.6,21,311,19.4,Flood,58.2,7.63,Hybrid,Conventional,19,1,0,2168,3802,1
Wheat,Zaid,Silty,4.94,7.8,22.9,784.7,18.6,Flood,12.4,3.02,Hybrid,Mixed,19,0,1,2960,1804,0
Rice,Rabi,Loamy,5.52,8.3,54.4,1183.3,28.8,Rainfed,63.2,5.93,Local,Conventional,12,0,0,2159,2076,0
Wheat,Rabi,Clay,18.26,6.1,69.2,1232.4,26,Flood,65.1,9,Local,Conventional,13,1,0,1901,1660,0
Rice,Rabi,Silty,9.89,8,39.6,843,28.5,Sprinkler,45.4,5.01,Hybrid,Mixed,25,0,1,2139,2992,1
Wheat,Rabi,Sandy,9.86,5.5,41,1363.2,24.3,Sprinkler,24.5,9.48,Hybrid,Mixed,36,1,0,2057,2898,1
Rice,Kharif,Clay,15.45,7.5,55.8,548,22,Flood,51.4,2.54,Certified,Conventional,25,1,1,2520,2916,1
Sugarcane,Rabi,Loamy,3.94,7.6,36.5,733.8,34.5,Flood,83.9,1.2,Certified,Conventional,28,0,0,30217,44456,1
Maize,Kharif,Black,10.26,7.4,21.6,1368.2,30.3,Flood,96.1,8.97,Hybrid,Organic,39,0,0,2246,3056,1
Maize,Rabi,Sandy,9.17,5.9,64.1,1365.1,22.8,Drip,68.4,8.55,Hybrid,Conventional,30,1,0,2715,3157,1
Sugarcane,Rabi,Loamy,12.34,8.1,57.5,1091.4,25.7,Flood,74.9,9.93,Certified,Conventional,5,1,1,37178,46128,1
Wheat,Rabi,Loamy,19.99,5.6,54.8,1316.7,32.2,Sprinkler,32.1,6.95,Local,Mixed,17,1,0,1779,1193,0
Rice,Kharif,Loamy,15.62,5.2,64.5,315.4,19.7,Drip,41.6,9.4,Hybrid,Conventional,18,0,1,2119,3855,1
Wheat,Kharif,Loamy,8.56,7.5,60.5,1324.5,21.5,Flood,27.8,8.36,Hybrid,Organic,21,1,0,2515,1921,0
Maize,Kharif,Loamy,16.72,6.7,32.4,616.8,19.8,Sprinkler,37.4,8.52,Certified,Conventional,22,1,0,2795,3614,1
Maize,Kharif,Clay,4.24,8,41.1,431.8,37.5,Flood,34.7,5.91,Certified,Conventional,39,1,0,2847,2558,0
Wheat,Kharif,Silty,1.58,6.3,27.6,511.2,36.1,Sprinkler,67.1,4.13,Local,Conventional,6,1,0,1583,3228,1
Rice,Zaid,Loamy,4.88,5.6,27.8,743.4,36.1,Flood,71.9,9.38,Hybrid,Conventional,16,1,0,2185,4446,1
Rice,Rabi,Black,7.47,7.9,60.6,526.5,35.2,Flood,113.9,4.61,Local,Mixed,2,0,1,3364,3649,1
Wheat,Kharif,Black,10.7,6.9,71.5,616.7,34.1,Sprinkler,31.5,5.62,Local,Organic,1,1,1,1944,2542,1
Maize,Kharif,Loamy,12.69,5.7,77.8,375.5,29.4,Drip,80.6,4.74,Hybrid,Conventional,30,1,0,2176,2758,1
Maize,Kharif,Silty,18.3,7.5,57.7,585,33.4,Rainfed,99.9,5.87,Certified,Mixed,37,0,0,2011,2091,1
Wheat,Rabi,Loamy,10.69,6.8,31,944,18.9,Flood,71.6,4.97,Local,Conventional,23,0,1,2274,3039,1
Cotton,Rabi,Black,10.52,7.1,26.3,774.4,32.9,Flood,38.1,0.96,Local,Conventional,1,1,0,442,250,0
Maize,Zaid,Loamy,1.95,6.6,68.8,650.7,36.7,Drip,38.9,8.88,Hybrid,Conventional,19,1,1,2193,2319,1
Rice,Rabi,Silty,1.66,7.9,54.7,1170.4,30,Flood,14.3,4.72,Local,Conventional,3,0,1,2620,3071,1
Rice,Zaid,Sandy,11.47,7.9,57.1,1361.6,26.6,Flood,43.6,6.09,Local,Conventional,2,1,0,3351,2431,0
Rice,Zaid,Loamy,9.33,7.5,66.9,1183.8,24.7,Flood,91.9,1.82,Hybrid,Conventional,37,0,1,2717,4824,1
Rice,Kharif,Clay,16.94,5.4,62.2,631.6,33.4,Flood,15.2,0.53,Hybrid,Mixed,17,1,1,2514,4346,1
Rice,Zaid,Silty,4.05,7.9,70.1,1167.8,34.6,Drip,34.1,2.83,Local,Mixed,28,1,1,2561,2883,1
Rice,Kharif,Silty,1.47,7.3,23.4,397.6,38.9,Sprinkler,87.7,7.19,Hybrid,Conventional,18,1,0,2257,3268,1
Rice,Rabi,Loamy,9.53,7.4,64.9,369.4,26.2,Rainfed,96.1,1.44,Certified,Organic,33,0,0,3288,2650,0
Rice,Kharif,Sandy,5.51,6.3,71.1,649.3,36.5,Rainfed,60.1,9.13,Certified,Organic,15,0,0,2209,3302,1
Sugarcane,Zaid,Loamy,1.94,8.1,37.2,1250,31.5,Drip,86.8,2.54,Certified,Organic,22,1,1,34275,48140,1
Rice,Zaid,Silty,14.77,7.5,58.4,520.3,39.2,Flood,52.7,2.44,Certified,Conventional,27,1,0,3038,3916,1
Wheat,Rabi,Clay,3.12,5.4,38.8,282.2,30.7,Sprinkler,27.6,2.22,Local,Organic,37,1,0,2034,2254,1
Wheat,Rabi,Black,12.56,6.4,77.5,371.2,30.4,Drip,53.8,0.63,Certified,Conventional,32,1,0,2523,1314,0
Cotton,Kharif,Loamy,6.34,8.1,22,1316.4,31.9,Sprinkler,73.8,7.83,Certified,Mixed,19,0,0,484,619,1
Rice,Kharif,Loamy,4.3,5.2,54.8,1023.9,36,Drip,114.3,8.81,Certified,Conventional,28,1,1,3465,3826,1
Wheat,Kharif,Clay,8.22,8.4,30,529.2,41.2,Flood,17.6,6.33,Hybrid,Mixed,28,0,0,1579,2748,1
Cotton,Kharif,Clay,16.23,7.4,62.7,921.9,19.8,Flood,65.8,2.29,Hybrid,Mixed,10,0,1,432,224,0
Sugarcane,Rabi,Sandy,8.45,7.2,30.6,885.9,19.3,Drip,46.2,3.21,Certified,Conventional,20,0,1,39964,29158,0
Sugarcane,Kharif,Loamy,15.26,5.9,34.1,1052.1,40.5,Drip,65.9,5.02,Certified,Mixed,25,0,0,25482,47767,1
Rice,Zaid,Black,3.38,5.9,49.7,503.1,30.7,Rainfed,12.6,9.57,Certified,Mixed,21,1,0,2473,2467,0
Rice,Rabi,Clay,15.68,8.3,74.9,1323.7,32.8,Drip,44.4,2.85,Hybrid,Conventional,14,1,0,3313,1897,0
Maize,Rabi,Loamy,5.5,6,32.7,602.2,29.6,Flood,100.2,7.45,Certified,Conventional,22,1,0,2665,3694,1
Cotton,Kharif,Loamy,13.87,7.7,28.7,1102.4,20.2,Sprinkler,70.9,4.67,Local,Conventional,26,1,1,431,376,0
Maize,Zaid,Clay,11.75,6.4,65.5,221,36.4,Flood,59.6,3.33,Hybrid,Mixed,11,1,1,2648,4062,1
Maize,Zaid,Clay,18.65,5.5,50,684.5,35.9,Sprinkler,41.4,4.83,Certified,Conventional,7,1,1,2139,2185,1
Rice,Rabi,Loamy,8.36,5,74.7,657.2,25.5,Drip,42.8,1.18,Hybrid,Organic,17,0,0,2800,3984,1
Sugarcane,Rabi,Loamy,2.26,6.9,28.8,906.5,25.3,Sprinkler,52.1,8.09,Certified,Conventional,18,1,0,35180,21217,0
Rice,Rabi,Loamy,1.36,8.4,58.8,294.6,38.1,Drip,101.9,2.81,Hybrid,Conventional,7,0,1,3263,4680,1
Wheat,Kharif,Sandy,16.71,6.3,34,1227.2,19.7,Flood,116.4,7.39,Certified,Conventional,20,0,0,2293,1376,0
Wheat,Rabi,Sandy,10.97,6.3,29.4,483.1,39.1,Flood,58.3,1.15,Hybrid,Mixed,38,0,1,1932,3148,1
Wheat,Kharif,Clay,15.73,6.2,61,1080.1,24.2,Sprinkler,53.3,9.57,Local,Conventional,11,1,0,2082,1516,0
Rice,Kharif,Loamy,5.45,6.8,55.6,1244.2,32.2,Drip,103.1,2.33,Local,Mixed,16,1,0,2133,2278,1
Rice,Kharif,Black,7.56,6.5,65.3,930.4,40.5,Flood,57,8.89,Certified,Mixed,27,1,1,2116,2930,1
Maize,Kharif,Sandy,1.57,8.1,38.6,1163.1,34.3,Flood,70.7,8.19,Certified,Conventional,11,1,0,3017,2916,0
Rice,Kharif,Silty,19.27,6.8,46.9,1060.4,27.9,Rainfed,35.4,9.69,Hybrid,Organic,16,1,0,2178,3670,1
Maize,Kharif,Loamy,13.69,6.8,44.3,662.2,34.5,Flood,91.8,5.04,Local,Mixed,23,0,0,2368,3581,1
Rice,Zaid,Silty,18.73,5.5,79,1251.5,26.3,Flood,68.5,7.41,Local,Mixed,12,1,0,2279,2171,0
Wheat,Rabi,Silty,6.04,8.4,37.5,583.1,24.7,Flood,99,4.02,Certified,Organic,3,1,1,2739,2903,1
Wheat,Zaid,Sandy,12.62,5.9,37.7,942.6,41.9,Rainfed,95.9,2.25,Certified,Conventional,2,0,0,2111,2250,1
Rice,Kharif,Black,13.89,5.3,41.3,1169,36,Rainfed,33.7,4.71,Hybrid,Conventional,38,1,0,2480,3615,1
Wheat,Kharif,Clay,7.03,7.3,53.9,692.6,33.5,Sprinkler,88.7,2.07,Certified,Mixed,24,1,1,2151,1813,0
Rice,Rabi,Clay,17.11,7.1,35.1,593.6,26.5,Sprinkler,98,9.83,Certified,Mixed,29,0,1,2151,4116,1
Rice,Kharif,Silty,19,6.5,74.9,797.1,19.2,Sprinkler,48.1,1.41,Certified,Organic,34,1,0,2098,3629,1
Cotton,Kharif,Black,17.81,6.5,35.9,1263.4,18.7,Flood,29,6.1,Hybrid,Mixed,20,0,1,442,428,0
Wheat,Rabi,Clay,15.04,7.7,73.7,1408.9,31.3,Flood,10.3,6.45,Local,Organic,18,1,0,2897,2115,0
Sugarcane,Kharif,Loamy,6.27,5.7,26.2,908.6,36.3,Flood,59.6,5.61,Local,Mixed,14,0,0,31278,20987,0
Rice,Rabi,Clay,6.35,7.9,59.4,1059.9,30.9,Drip,48.8,6.79,Hybrid,Conventional,18,1,0,2784,2910,1
Maize,Rabi,Loamy,19.3,7.3,74.4,1374.3,38.2,Flood,71,1.6,Hybrid,Conventional,2,1,1,2060,2476,1
Sugarcane,Kharif,Silty,1.2,6.5,30.1,328.1,18.8,Rainfed,30.7,5.77,Local,Organic,1,0,1,36673,34938,0
Maize,Kharif,Sandy,14.6,6.6,78.1,501.7,26.8,Sprinkler,104.6,3.23,Certified,Organic,20,1,1,2461,3217,1
Wheat,Rabi,Loamy,14.42,5.9,47.2,1121.6,23.7,Flood,38.4,9.43,Hybrid,Conventional,34,1,0,2450,1428,0
Wheat,Rabi,Loamy,12.83,7.6,76.7,1270.9,28.7,Flood,34.9,7.74,Hybrid,Conventional,11,1,0,1517,2005,1
Wheat,Kharif,Clay,19.81,6.8,60.6,1314.1,19.7,Rainfed,62.9,9.74,Certified,Organic,27,1,0,2620,1923,0
Cotton,Zaid,Loamy,6.93,6.1,38.1,739.6,40.9,Rainfed,64.9,0.86,Hybrid,Organic,23,1,0,462,516,1
Sugarcane,Kharif,Sandy,7.46,7.1,31.3,316.1,23.4,Flood,33.7,3.21,Certified,Organic,38,0,1,25834,40820,1
Cotton,Rabi,Black,2.5,8.5,38.2,769.1,40.1,Flood,39.9,2.36,Hybrid,Mixed,3,0,1,380,499,1
Rice,Zaid,Black,9.41,6.5,25.6,500,28.2,Rainfed,28.7,0.61,Certified,Mixed,12,0,0,2917,1933,0
Maize,Kharif,Clay,5.96,8.2,28.6,578.6,41.7,Flood,89,2.8,Certified,Organic,30,1,0,2183,2845,1
Cotton,Kharif,Black,7.52,6.2,26.3,1203.9,31.3,Sprinkler,94.7,6.95,Certified,Conventional,31,1,1,520,502,0
Rice,Kharif,Silty,16.86,5.2,45.4,298.2,40.3,Rainfed,60.9,2.7,Local,Organic,23,0,1,2623,1713,0
Rice,Kharif,Silty,18.77,5.7,67.7,1275.9,18.1,Sprinkler,88.5,5.34,Hybrid,Mixed,1,0,1,3117,4158,1
Maize,Kharif,Loamy,4.53,6.5,28.5,756,36,Sprinkler,91,8.93,Hybrid,Mixed,20,1,1,2839,2409,0
Maize,Rabi,Loamy,8.08,5.8,27.8,974.9,39.7,Rainfed,25.2,7.09,Hybrid,Conventional,6,1,0,1964,1914,0
Sugarcane,Kharif,Loamy,18.64,5,58.6,316.5,21.4,Flood,116.3,4.25,Hybrid,Mixed,11,1,0,26809,31305,1
Rice,Rabi,Clay,2.17,8.2,31.8,638.6,20.3,Flood,100.3,4.04,Certified,Mixed,35,1,0,3161,2477,0
Sugarcane,Zaid,Loamy,2.75,8,25.9,316.6,28.2,Sprinkler,32.5,4.83,Hybrid,Mixed,4,0,0,35021,50879,1
Rice,Rabi,Loamy,4.09,7.6,30,1450,40.4,Sprinkler,30.5,2.18,Certified,Conventional,29,1,0,2461,3883,1
Rice,Rabi,Loamy,12.31,5.6,75.4,1249.4,31,Sprinkler,23.8,6.52,Certified,Conventional,10,0,0,2891,3080,1
Rice,Kharif,Silty,3.86,5.4,69.3,797.5,30.7,Drip,25.2,3.96,Hybrid,Conventional,29,1,1,2088,3766,1
Sugarcane,Rabi,Loamy,19.39,5.2,41.2,490.7,21.4,Flood,92.3,8.6,Certified,Conventional,38,1,0,35912,40085,1
Maize,Rabi,Clay,9.49,7.5,59.3,1413.5,18,Sprinkler,61.7,7.69,Certified,Conventional,1,0,1,2675,1771,0
Wheat,Kharif,Black,10.53,8.3,52.2,648,37.4,Flood,96.1,6.3,Hybrid,Organic,8,1,1,2878,3452,1
Wheat,Kharif,Black,5.69,6.5,60.6,409.3,20.1,Sprinkler,92.1,3.96,Hybrid,Conventional,38,1,1,2349,2261,0
Sugarcane,Zaid,Silty,9.95,5.4,61,932.1,33.2,Rainfed,76.5,2.49,Hybrid,Conventional,17,0,0,28764,43482,1
Wheat,Kharif,Black,13.58,6.8,57.7,1426.9,40,Sprinkler,85.5,7.87,Hybrid,Conventional,19,0,1,2726,2194,0
Sugarcane,Kharif,Sandy,15.27,6.2,36,205,23,Drip,12,5.12,Hybrid,Conventional,33,0,1,25895,32886,1
Wheat,Kharif,Black,15.32,6.3,22.3,509.6,34,Drip,44.3,2.64,Hybrid,Mixed,15,1,0,1786,3014,1
Wheat,Kharif,Clay,11.98,7.2,47.3,1420,19.9,Flood,80.2,2.35,Certified,Mixed,31,1,0,2672,1864,0
Wheat,Rabi,Loamy,18.18,7.5,73.5,422.4,32.5,Flood,11,2.07,Certified,Conventional,21,0,0,2849,2050,0
Wheat,Rabi,Loamy,16.53,5.4,54.2,347.2,21.9,Flood,13.6,7.88,Hybrid,Conventional,3,1,0,1997,2177,1
Maize,Rabi,Clay,15.38,5.1,69.9,941.2,35.7,Flood,103.7,2.68,Certified,Conventional,2,0,1,2107,2421,1
Wheat,Kharif,Clay,2.06,8.5,79.5,1320.4,25.2,Drip,85.2,5.5,Local,Organic,35,1,1,1752,2276,1
Rice,Kharif,Sandy,1.13,5.8,29.8,820.2,29.1,Flood,39.2,4.79,Local,Mixed,16,1,0,2985,2842,0
Sugarcane,Rabi,Silty,5.04,5.2,61.5,1492.9,32.4,Flood,85.7,6.01,Certified,Conventional,21,0,0,25493,41139,1
Wheat,Kharif,Sandy,13.61,5.7,60.5,1082.9,22.1,Drip,97.2,8.83,Certified,Organic,12,1,0,2677,2248,0
Wheat,Kharif,Clay,8.81,5.1,78.8,296.3,35.8,Drip,43.7,8.74,Certified,Mixed,28,1,0,2326,3702,1
Cotton,Rabi,Black,8.65,6.4,79.1,1490.7,25.3,Drip,14,4.79,Certified,Organic,12,1,0,531,221,0
Maize,Kharif,Sandy,17.81,7.8,61.2,730.3,33.9,Drip,112.6,0.65,Certified,Conventional,33,1,0,2731,3923,1
Rice,Rabi,Loamy,18.02,6.2,34.6,573.6,21.8,Flood,48,4.55,Hybrid,Organic,20,1,1,2756,2952,1
Cotton,Kharif,Silty,18.27,6.6,67.9,925.2,34.5,Drip,21.7,6.26,Local,Organic,21,1,1,558,309,0
Maize,Kharif,Loamy,6.96,7.4,26.4,595.6,21.1,Sprinkler,64.1,5.8,Hybrid,Organic,39,1,0,2268,3928,1
Wheat,Kharif,Loamy,14.13,6.8,66.8,312.4,28.2,Drip,94.5,6.69,Certified,Organic,36,0,1,2730,2221,0
Rice,Zaid,Black,6.16,8,74.6,201.9,23.9,Rainfed,34.4,1.96,Hybrid,Conventional,22,1,1,3112,1766,0
Sugarcane,Rabi,Loamy,4.62,8,43,784.5,36,Rainfed,39.6,6.64,Hybrid,Mixed,26,0,1,35701,44581,1
Maize,Zaid,Loamy,4.51,5,57.8,1287.9,24.3,Sprinkler,36.7,2.24,Local,Conventional,7,1,1,2444,2423,0
Wheat,Rabi,Black,7.5,7.7,45.8,944,39.2,Sprinkler,119.1,7.63,Local,Mixed,7,0,1,1821,2850,1
Sugarcane,Kharif,Silty,9.17,6.6,46.3,1499,39.4,Sprinkler,31.7,3.72,Local,Conventional,8,1,1,36323,31243,0
Sugarcane,Rabi,Clay,16.79,8.5,38.6,572.9,22.7,Flood,73.3,7.24,Hybrid,Conventional,26,0,0,35404,23170,0
Rice,Rabi,Clay,3.28,6.7,65.7,564.6,32.7,Drip,111.8,0.95,Hybrid,Organic,24,0,0,2091,4141,1
Wheat,Rabi,Clay,14.96,8.5,76.2,407.7,20.1,Flood,26.2,4.37,Certified,Conventional,24,0,0,2598,2863,1
Rice,Kharif,Sandy,11.1,7.6,76.4,413.3,27.4,Flood,116.8,7.2,Hybrid,Conventional,12,0,0,3076,1766,0
Maize,Rabi,Loamy,6.47,5.9,30.5,570.7,35.1,Rainfed,114.2,2.66,Certified,Conventional,8,1,1,2273,3414,1
Rice,Kharif,Clay,10.36,6.9,72.5,1230.7,33.8,Drip,107.3,8.06,Hybrid,Mixed,9,0,1,2406,2636,1
Maize,Kharif,Black,6.7,8.5,64.2,1377.5,33,Rainfed,33.6,6.49,Hybrid,Conventional,3,0,1,1981,3529,1
Sugarcane,Rabi,Sandy,12.33,8,35.2,1467.6,24.8,Rainfed,79.7,6.08,Certified,Conventional,21,0,0,35163,39823,1
Sugarcane,Rabi,Loamy,9.24,5.3,24,502,27.1,Drip,93.7,3.86,Certified,Mixed,31,1,0,29785,50201,1
Wheat,Kharif,Sandy,4.12,7.5,36.1,1345.7,20.5,Sprinkler,118.5,5.08,Certified,Conventional,24,0,1,2340,2245,0
Sugarcane,Kharif,Silty,3.22,6.2,74.7,626.7,35.3,Drip,29.8,6.17,Certified,Conventional,4,1,1,28472,38391,1
Rice,Rabi,Clay,11.39,5,58,346.7,30.1,Sprinkler,94.3,4.99,Certified,Mixed,20,1,0,3451,2336,0
Sugarcane,Rabi,Loamy,18.15,6.4,63.3,1331,35,Sprinkler,47.3,7.13,Certified,Conventional,16,1,0,39852,38140,0
Rice,Zaid,Black,7.54,5.8,35.4,1026.9,24,Flood,29.3,4.62,Certified,Organic,10,1,0,2180,1644,0
Wheat,Zaid,Loamy,14.93,7.9,63.2,414.2,25.8,Flood,56.4,2.42,Certified,Conventional,26,0,1,2234,1904,0
Sugarcane,Rabi,Sandy,13.51,6.2,21.7,758.8,26,Rainfed,97.3,2.53,Local,Conventional,29,0,1,32186,23736,0
Rice,Kharif,Loamy,18.7,7.9,42.5,573.4,18.6,Drip,61.1,0.56,Certified,Conventional,5,0,0,2925,2885,0
Rice,Rabi,Clay,16.6,5,57.6,1157.8,26.2,Rainfed,69.1,3.36,Certified,Organic,11,0,0,2940,2355,0
Maize,Kharif,Clay,11.77,6.1,28.8,789.4,37.3,Sprinkler,119.5,7.61,Hybrid,Mixed,29,1,0,3114,3813,1
Maize,Kharif,Loamy,13.48,5.8,69.4,1486.1,39.5,Rainfed,53.9,8.04,Local,Mixed,15,0,0,2200,3405,1
Maize,Rabi,Loamy,18.07,5.8,34.1,271.2,30.4,Sprinkler,77.7,2.42,Hybrid,Conventional,6,1,0,1964,3936,1
Maize,Kharif,Clay,8.59,5.2,59.1,661.5,28.9,Drip,50.2,9.61,Certified,Conventional,15,0,0,1928,3209,1
Wheat,Zaid,Black,7.21,5.7,44.3,826.5,18.7,Rainfed,53.2,5.27,Hybrid,Mixed,20,0,1,2094,2565,1
Rice,Rabi,Black,1.21,6.9,55.8,854.1,39.1,Sprinkler,86.5,9.21,Hybrid,Organic,34,0,1,2615,2644,1
Wheat,Rabi,Silty,16.7,6,26.4,610.7,18.3,Flood,113.2,7.21,Hybrid,Conventional,2,1,0,1903,3540,1
Rice,Rabi,Black,16.22,6.5,21,1148,40.7,Flood,69.7,7.36,Hybrid,Conventional,16,0,1,2262,3984,1
Cotton,Zaid,Loamy,2.98,6.3,74.6,1337.2,29.7,Flood,94.5,1.31,Local,Mixed,19,1,0,513,565,1
Maize,Rabi,Black,11.96,8.1,36.2,1420.3,26.2,Flood,19.8,2.59,Local,Organic,34,1,0,1824,2629,1
Wheat,Rabi,Clay,9.82,8.2,69.2,1246.6,40.2,Flood,33.2,0.58,Hybrid,Mixed,14,0,0,2192,3777,1
Wheat,Kharif,Black,3.26,6.7,80,1305.8,18.6,Drip,65.2,7.3,Hybrid,Conventional,24,1,1,2315,2238,0
Cotton,Rabi,Black,19.63,6.2,32.7,915.7,32,Flood,12.2,3.77,Hybrid,Conventional,28,0,1,469,227,0
Rice,Kharif,Silty,5.08,5.4,35.9,1273.7,31.2,Rainfed,37.8,7.97,Local,Conventional,32,1,0,2705,3444,1
Maize,Rabi,Black,2.28,8.3,59.8,594.6,23.3,Drip,66.9,3.72,Certified,Organic,37,1,0,2369,2150,0
Wheat,Rabi,Sandy,12.3,5.2,77.9,718,28.3,Drip,11.6,8.28,Local,Mixed,10,0,0,2812,2959,1
Maize,Rabi,Loamy,15.04,6,74.9,612,33.7,Flood,39.1,1.74,Certified,Mixed,9,1,0,1925,3670,1
Rice,Kharif,Loamy,1.62,6,50.2,807.6,35.5,Flood,66.5,2.15,Hybrid,Conventional,24,1,1,2178,3696,1
Sugarcane,Kharif,Sandy,13.52,6.1,67.7,571.3,18,Flood,73,3.74,Local,Mixed,36,1,0,29588,40107,1
Cotton,Rabi,Clay,11.11,5.6,28.1,1450.1,40.5,Drip,111.8,4.38,Certified,Mixed,29,1,0,548,760,1
Maize,Kharif,Sandy,2.96,7.7,78.6,606.7,21.9,Flood,81,3.81,Hybrid,Conventional,29,0,0,2068,3029,1
Maize,Kharif,Black,4.28,5.4,77.9,327.5,23.6,Drip,55.6,7.75,Certified,Conventional,23,1,1,2014,3908,1
Cotton,Kharif,Clay,11.79,7.2,29.8,884.9,24.3,Flood,112.3,1.42,Hybrid,Conventional,27,0,1,335,631,1
Maize,Zaid,Silty,6.63,5.4,38,274.2,18.9,Rainfed,96.3,3.84,Certified,Conventional,31,0,0,2615,1732,0
Rice,Rabi,Black,18.83,5.2,26,343.7,21,Sprinkler,32,8.45,Hybrid,Organic,7,1,0,3147,2215,0
Maize,Kharif,Black,16.56,8.2,36.3,485.2,41.7,Flood,24.4,1.13,Hybrid,Conventional,4,0,0,2453,3549,1
Maize,Kharif,Black,19.69,5.7,69,803.7,25.6,Rainfed,84.3,9.45,Local,Organic,14,0,1,2135,2655,1
Wheat,Kharif,Sandy,5.93,7.9,42.7,763.2,20.8,Flood,71.6,9.87,Local,Mixed,10,1,1,2516,1711,0
Maize,Rabi,Black,19.42,6.9,25.3,1239.6,20.6,Rainfed,96.9,1.34,Certified,Mixed,34,1,0,2749,2857,1
Cotton,Rabi,Silty,9.19,5.3,40.5,1161.3,35.3,Flood,91.3,3.27,Hybrid,Conventional,26,1,1,310,776,1
Cotton,Kharif,Clay,7.6,8.3,78.9,754.2,38.5,Rainfed,78.8,4.04,Certified,Conventional,23,0,0,387,537,1
Wheat,Kharif,Loamy,1.96,5.9,57.8,633.8,24.2,Drip,118.5,7.88,Certified,Conventional,9,0,0,2255,1920,0
Rice,Kharif,Silty,2,8,45,611.4,18.5,Drip,68.7,6.16,Certified,Conventional,37,1,0,2311,2985,1
Cotton,Rabi,Loamy,14.15,5.6,30,1206.2,23.4,Sprinkler,22.4,6.62,Local,Conventional,8,0,1,346,475,1
Sugarcane,Rabi,Sandy,9.7,8,79.2,267.7,19.4,Flood,101.1,7.7,Local,Conventional,14,0,0,36762,34440,0
Rice,Kharif,Silty,5.3,5,69.3,216.7,20.5,Rainfed,37.7,1.62,Certified,Conventional,7,0,1,2338,1904,0
Cotton,Kharif,Clay,12.67,6.8,36.9,1234.2,28.4,Sprinkler,95.5,8.42,Certified,Organic,7,0,1,584,275,0
Sugarcane,Kharif,Sandy,5.8,7.7,24.2,820.3,23.5,Flood,115.3,7.2,Certified,Organic,9,1,0,33681,27563,0
Wheat,Zaid,Silty,11.98,8.3,23.4,370.1,30.4,Flood,86.6,5.98,Hybrid,Organic,3,0,0,1506,1877,1
Maize,Kharif,Loamy,7.82,8.2,27.2,506.2,24.1,Flood,75.6,8.95,Hybrid,Mixed,14,0,0,2611,2535,0
Wheat,Rabi,Clay,16.65,7.9,54.8,1412.3,40.6,Sprinkler,60.6,7.15,Certified,Mixed,17,0,1,1817,2734,1
Rice,Rabi,Clay,16.59,8.1,75.7,1317.4,39.7,Flood,50.1,2.42,Local,Conventional,22,1,1,3188,1690,0
Wheat,Kharif,Loamy,10.07,5.7,49.8,1122.7,31.6,Sprinkler,48.8,4.58,Certified,Conventional,26,1,1,2643,2369,0
Sugarcane,Kharif,Black,7.67,6,70.6,826.9,26.5,Drip,80,5.19,Local,Organic,28,1,1,33048,35858,1
Rice,Kharif,Loamy,7.89,6,46.8,876.4,27.1,Rainfed,92.6,1.02,Hybrid,Conventional,14,1,0,3307,1839,0
Wheat,Rabi,Sandy,16.31,6.3,62.5,1467.8,27.9,Drip,84.6,9.57,Hybrid,Organic,9,0,1,2918,2413,0
Wheat,Rabi,Loamy,7.24,6.4,63.9,1455.5,35.5,Drip,31.8,1.72,Local,Conventional,26,1,0,2788,2578,0
Wheat,Rabi,Loamy,4.97,6.9,30.4,479.8,28.8,Rainfed,64.3,7.13,Local,Mixed,2,0,1,1715,2609,1
Cotton,Rabi,Black,2.61,5.6,41.7,1254.4,38.6,Sprinkler,97.1,5.31,Certified,Organic,11,0,1,397,641,1
Wheat,Kharif,Silty,9.87,7.4,58.2,456.4,40.7,Flood,62.3,0.74,Certified,Mixed,17,0,0,1541,2553,1
Wheat,Zaid,Clay,10.16,5.6,24.2,477.6,26.1,Sprinkler,69,9.29,Local,Organic,34,1,1,2263,2589,1
Maize,Rabi,Loamy,16.98,6.1,41.7,1078.9,31.5,Sprinkler,94.8,8.59,Certified,Conventional,19,0,1,2898,3827,1
Wheat,Kharif,Clay,5.2,6.8,52.1,726.5,20.3,Sprinkler,82.7,5.48,Certified,Organic,39,0,1,1622,2171,1
Rice,Zaid,Loamy,8.24,7.8,79.8,1411,22.8,Sprinkler,55,2.67,Hybrid,Conventional,18,0,1,2756,3228,1
Wheat,Rabi,Silty,16.36,7.6,48.5,315.7,27.9,Flood,108.5,1.66,Local,Organic,13,1,0,2290,2293,1
Rice,Rabi,Clay,16.65,7.3,69,865,22.9,Flood,27.9,3.95,Local,Conventional,5,1,1,2679,2561,0
Rice,Rabi,Loamy,8.31,5.5,45.9,1394.1,39,Flood,119.5,2.93,Local,Conventional,23,1,0,2607,1912,0
Wheat,Rabi,Loamy,9.72,6.9,67.8,1375.3,21.8,Rainfed,23.1,5.31,Hybrid,Conventional,24,1,0,2730,3600,1
Wheat,Rabi,Black,6.76,5.3,55.7,403.5,28.9,Drip,11.6,9.68,Certified,Conventional,29,1,0,2292,3356,1
Cotton,Kharif,Black,18.72,6.3,73.2,676.6,32.5,Flood,107.9,5.96,Hybrid,Mixed,8,0,1,586,320,0
Wheat,Kharif,Clay,3.25,6.4,44.7,1004.9,34.6,Flood,36.9,8.95,Local,Conventional,26,0,0,2610,1770,0
Maize,Zaid,Silty,18.74,5.1,56.3,407.2,27.2,Rainfed,90.3,6.68,Certified,Organic,15,1,1,2180,3521,1
Maize,Kharif,Loamy,13.99,6,57.8,1458.4,38.9,Drip,99.2,5.01,Certified,Conventional,1,1,0,2042,1751,0
Rice,Kharif,Loamy,11.1,8.3,45,1389.2,31.6,Flood,104.5,8.62,Certified,Mixed,28,0,0,2791,2931,1
Maize,Kharif,Silty,1.62,8.3,28.7,417,28.5,Rainfed,119.1,4.98,Hybrid,Conventional,14,1,1,3148,2990,0
Rice,Kharif,Black,10.04,6.2,25.6,357.5,19.6,Sprinkler,42.3,8.75,Local,Conventional,34,0,0,2617,2727,1
Cotton,Rabi,Black,8.75,5.2,21,311,29.2,Rainfed,88.1,3.27,Hybrid,Organic,31,1,0,495,456,0
Rice,Zaid,Sandy,4.06,5.6,72.4,1382.3,37.7,Drip,22.7,1.72,Local,Conventional,6,1,0,3261,2326,0
Wheat,Kharif,Loamy,13.47,6.4,34.2,451.7,32.7,Flood,54.7,8.63,Certified,Conventional,5,1,1,2733,1524,0
Rice,Kharif,Silty,19.45,8.3,32.7,741.2,38,Rainfed,103.3,6.08,Local,Mixed,31,0,0,3219,1425,0
Cotton,Kharif,Loamy,11.68,5.5,64.2,783.5,29.9,Flood,50.4,8.95,Local,Mixed,37,1,0,512,479,0
Wheat,Zaid,Sandy,14.58,7.7,39.2,978.7,20.8,Flood,75,9.41,Certified,Organic,15,0,1,1616,1542,0
Maize,Rabi,Loamy,2.3,5.4,50.4,293.3,18.3,Drip,65.4,1.01,Local,Conventional,15,1,0,2611,3468,1
Rice,Kharif,Silty,8.94,8.4,29.8,494.8,25.3,Rainfed,81.1,5.26,Certified,Conventional,5,1,1,2022,2188,1
Maize,Rabi,Loamy,3.21,6.3,77.6,1410.9,34.8,Flood,117,4.06,Local,Conventional,28,0,1,2915,2526,0
Rice,Zaid,Clay,12.64,7.7,71.1,1380.9,37,Drip,16.1,6.45,Local,Mixed,33,1,0,2626,3774,1
Sugarcane,Rabi,Black,18.83,6.2,71.8,1215.7,25.1,Flood,73.1,8.04,Local,Conventional,11,0,0,27662,26666,0
Rice,Zaid,Clay,13.57,7.2,44.4,225.2,29.9,Flood,104.9,3.17,Hybrid,Conventional,6,1,0,3430,1720,0
Rice,Kharif,Sandy,2.46,5.7,65.7,625.1,28.1,Drip,63,5.79,Certified,Conventional,23,1,0,2999,1806,0
Rice,Rabi,Loamy,7.74,5.5,28.6,1016.3,27.9,Sprinkler,18.6,7.23,Hybrid,Mixed,2,0,1,2151,3679,1
Wheat,Rabi,Clay,11.46,8.3,20.5,557.7,23.6,Drip,71.7,1.78,Hybrid,Conventional,15,0,1,2234,2564,1
Maize,Rabi,Clay,8.66,8.2,21.2,1382.5,21.3,Flood,46.5,8.23,Local,Conventional,23,1,0,2722,2596,0
Rice,Rabi,Clay,16.84,8.1,55.2,1024.1,22.7,Flood,27,6.26,Local,Conventional,22,0,1,2619,2496,0
Sugarcane,Rabi,Black,16.48,7.2,47.3,293.5,19.3,Flood,103.4,9.52,Local,Conventional,9,1,0,30230,29262,0
Wheat,Rabi,Loamy,12.62,7.8,51.1,1381.7,22.8,Rainfed,67.4,3.73,Certified,Mixed,30,0,0,2214,3326,1
Wheat,Kharif,Black,8.1,5.2,20.4,1445.1,18.2,Rainfed,112.7,1.53,Local,Conventional,16,0,1,2994,2415,0
Wheat,Rabi,Sandy,5.85,6.2,45.4,301,33.1,Flood,98.7,5.31,Local,Conventional,30,1,1,1731,3050,1
Wheat,Zaid,Loamy,3.01,6.1,63.1,892.1,25.6,Drip,86.2,1.32,Local,Conventional,9,1,0,2535,2937,1
Maize,Zaid,Sandy,7.74,7.2,46.6,594.4,41.4,Flood,10.6,9.71,Certified,Mixed,1,1,0,2435,3141,1
Rice,Kharif,Sandy,8.85,6.2,63.9,710.7,22.6,Flood,57.1,0.87,Certified,Conventional,38,1,0,3193,3508,1
Rice,Kharif,Silty,13.84,5.5,34,433.5,26.3,Flood,31.7,7.66,Certified,Organic,8,1,0,2296,3877,1
Sugarcane,Kharif,Loamy,13.51,7.1,68.8,951.5,26.6,Flood,110.2,5.49,Hybrid,Conventional,18,0,0,31359,29711,0
Cotton,Rabi,Loamy,2.33,7.9,55.3,1445.4,18.2,Sprinkler,29.2,4,Hybrid,Conventional,27,0,1,366,345,0
Wheat,Rabi,Black,8.51,6.3,32.6,854,38.1,Rainfed,41.5,1.13,Local,Mixed,18,1,1,2447,1127,0
Rice,Kharif,Black,4.45,5.5,34.2,307.8,18.8,Drip,66.9,6.41,Hybrid,Mixed,32,1,1,2249,3471,1
Maize,Rabi,Black,3.98,5.7,57.7,1006,40.6,Flood,39,6.06,Certified,Conventional,32,0,1,1981,1749,0
Wheat,Rabi,Loamy,16.72,5.8,69.8,642.3,39.4,Drip,33.1,3.17,Hybrid,Organic,36,0,1,2461,2882,1
Rice,Rabi,Silty,1.8,6,44.9,1312.7,30.9,Rainfed,75.9,9.15,Local,Mixed,36,1,1,2530,2579,1
Rice,Rabi,Loamy,8.96,7.2,35.5,765.1,31,Drip,19.8,3.39,Local,Conventional,21,1,1,2453,4107,1
Maize,Rabi,Loamy,4.2,7.1,72,450.7,33.7,Drip,16.4,4.77,Local,Conventional,32,1,1,2115,3337,1
Maize,Rabi,Loamy,17.71,7.4,60.2,448.4,27.3,Sprinkler,50.9,5.67,Hybrid,Conventional,31,1,0,3120,2682,0
Rice,Kharif,Sandy,11.58,6.3,46.9,1199.4,33.5,Sprinkler,89.3,1.45,Hybrid,Conventional,37,1,0,2915,3880,1
Rice,Rabi,Clay,5.4,7.9,49.3,545.3,19.1,Sprinkler,71,9.36,Local,Conventional,16,1,1,2102,2275,1
Rice,Rabi,Loamy,10.55,5.7,32.3,1197.4,19.3,Flood,56.5,4.06,Hybrid,Mixed,14,1,0,2109,3395,1
Maize,Zaid,Black,14.9,6.6,57.6,467.7,29,Flood,72.2,1.27,Certified,Mixed,24,0,1,2899,1872,0
Rice,Rabi,Loamy,19.2,7.8,41.5,618.2,31.2,Drip,50.2,4.18,Certified,Conventional,25,1,0,2761,4436,1
Rice,Rabi,Clay,5.19,5.6,79.7,805.1,39.3,Sprinkler,113,6.2,Certified,Conventional,35,1,1,3475,3961,1
Sugarcane,Kharif,Clay,17.84,5.4,48.8,1426.2,20.5,Rainfed,16,5.38,Hybrid,Organic,17,1,0,34427,30925,0
Rice,Rabi,Black,18.75,8.1,49.2,1411.3,37.7,Flood,84.1,7.1,Certified,Organic,4,0,1,2148,1600,0
Maize,Kharif,Sandy,18.41,6.2,54,468.9,23,Flood,108,1.03,Certified,Conventional,11,0,0,2878,2992,1
Rice,Kharif,Loamy,13.07,7.4,75,665.7,27.5,Flood,98.4,3.2,Certified,Conventional,15,1,1,2380,2171,0
Rice,Rabi,Black,12.97,5.1,68,394.2,25.6,Sprinkler,30.2,8.28,Hybrid,Mixed,30,1,0,3436,4383,1
Rice,Zaid,Black,8.66,7.4,47.1,863,27.6,Drip,42.6,1.26,Hybrid,Mixed,24,0,1,2432,3198,1
Maize,Kharif,Loamy,15.3,6.1,63.1,798.8,21.6,Sprinkler,88.9,8.63,Hybrid,Conventional,2,1,1,2565,2773,1
Sugarcane,Kharif,Silty,11.09,5.2,55.2,1371,30.1,Rainfed,19.3,1.37,Certified,Conventional,34,1,0,28661,36133,1
Sugarcane,Rabi,Silty,13.87,7.1,49.5,1409,37.2,Rainfed,99.3,8.43,Certified,Organic,23,1,1,34306,33970,0
Wheat,Kharif,Silty,9.14,5.8,31.5,698.6,28.6,Flood,89.1,3.93,Hybrid,Mixed,31,0,0,2776,3485,1
Maize,Rabi,Clay,14.9,6.4,47.8,839.3,29.8,Drip,90.3,6.32,Certified,Conventional,37,0,1,2506,4262,1
Rice,Rabi,Black,16.66,5.3,34.7,1365.1,38.4,Drip,21,1.95,Certified,Organic,13,0,0,3063,3289,1
Rice,Rabi,Sandy,3.78,5.5,74.9,1248.7,34.9,Sprinkler,89,1.13,Certified,Conventional,33,1,0,2449,3393,1
Sugarcane,Kharif,Loamy,16.83,6,40.1,204.8,29.8,Flood,84.8,2.55,Local,Mixed,7,0,1,34076,33308,0
Rice,Kharif,Loamy,11.27,5.3,77.1,616.1,24.2,Drip,101.4,1.71,Hybrid,Mixed,32,0,1,3147,3763,1
Rice,Rabi,Clay,17.05,8.2,52,748.3,39.2,Rainfed,14.6,3.47,Certified,Organic,7,0,0,2487,1794,0
Rice,Rabi,Clay,9.19,5,57.9,498.6,31.8,Sprinkler,12.5,5.39,Certified,Mixed,38,1,0,2954,3543,1
Rice,Kharif,Silty,8.2,6.7,52.6,459.4,23.3,Rainfed,51,6.09,Local,Conventional,13,1,0,2084,1494,0
Rice,Rabi,Clay,18.39,5.4,27.8,249.1,24.5,Rainfed,26.4,8,Hybrid,Organic,24,0,1,2683,2234,0
Maize,Kharif,Loamy,5.77,6.1,42.5,1036.4,37.3,Rainfed,71.4,6.73,Hybrid,Mixed,28,1,0,2167,3484,1
Wheat,Rabi,Sandy,17.04,8.2,25.9,541.3,19.1,Flood,110.9,6.28,Hybrid,Mixed,32,1,1,2868,3799,1
Sugarcane,Kharif,Clay,10.2,5.6,57.4,268.1,41.8,Flood,53.1,4.41,Local,Conventional,18,1,1,30562,30543,0
Sugarcane,Zaid,Black,10.77,8.4,46.8,500.3,21.1,Flood,102.9,5,Local,Conventional,34,0,0,35606,20978,0
Wheat,Kharif,Loamy,6.86,5.7,66.7,1242.5,37.1,Flood,10,4.44,Hybrid,Mixed,34,0,1,2327,2820,1
Rice,Kharif,Loamy,11.89,7.6,33.2,1306.9,27.5,Flood,28.5,8.5,Hybrid,Mixed,38,1,1,2145,4677,1
Wheat,Kharif,Loamy,7.18,6.9,29.9,828,29.8,Rainfed,13.3,2.69,Certified,Mixed,1,0,1,2798,1266,0
Maize,Kharif,Loamy,1.75,8.1,44.4,740.9,39.1,Flood,46.1,0.55,Local,Conventional,31,0,0,2114,3272,1
Rice,Zaid,Clay,6.17,6.9,75.6,1471.2,27.9,Rainfed,109.9,6.69,Hybrid,Mixed,1,0,0,3297,3336,1
Maize,Zaid,Silty,1.12,6.9,62.6,460.7,30.9,Rainfed,20.7,2.42,Certified,Mixed,16,1,0,2061,2325,1
Wheat,Kharif,Black,19.59,5.7,45.1,480,19.2,Sprinkler,76.7,8.96,Local,Organic,39,1,0,2323,1567,0
Maize,Kharif,Loamy,19.35,5.6,51,579.4,18.1,Drip,59.7,8.66,Local,Mixed,15,1,0,3166,1457,0
Wheat,Rabi,Silty,8.51,8.2,25.1,424.6,23.9,Flood,113.2,1.23,Local,Conventional,33,1,0,1780,1595,0
Rice,Zaid,Silty,14.84,6.1,79.1,693.2,34.3,Flood,23.5,1.51,Local,Conventional,23,0,1,2617,1690,0
Cotton,Rabi,Black,7.57,6.3,60,1384.1,20.9,Rainfed,33.3,5.2,Local,Conventional,34,1,1,334,622,1
Sugarcane,Kharif,Loamy,13.75,7.7,37.1,1000,20.7,Flood,13.2,6.29,Certified,Organic,17,0,1,36838,47693,1
Rice,Kharif,Loamy,16.3,6.2,55.1,735.5,27.9,Flood,57.7,3.11,Local,Conventional,25,1,0,2689,3952,1
Sugarcane,Rabi,Loamy,18.99,8.3,26.6,1414.7,33.5,Flood,40.6,7.31,Local,Mixed,6,1,0,38927,28931,0
Wheat,Kharif,Silty,8.6,7.6,78,263,35.1,Drip,105.7,6.15,Certified,Conventional,31,1,1,2697,2884,1
Sugarcane,Rabi,Black,15.88,7.1,30.5,473.4,22.3,Flood,76.5,3.59,Certified,Conventional,5,1,1,38512,21097,0
Sugarcane,Kharif,Clay,6.05,8.1,58.9,935.7,19.9,Rainfed,77.5,0.74,Local,Mixed,30,1,0,39391,27965,0
Wheat,Rabi,Loamy,19.82,5.2,34.7,1000.2,40.6,Drip,68.5,7.63,Certified,Conventional,5,0,0,1565,2377,1
Rice,Kharif,Black,1.49,5.9,63.1,251.4,24.3,Flood,20.1,2.54,Local,Conventional,12,1,0,3495,3191,0
Rice,Rabi,Black,12.47,6.6,66.6,724,38.5,Flood,59,8.43,Certified,Conventional,7,0,1,2701,2366,0
Wheat,Rabi,Black,13.53,5.8,60.4,1043.9,38.7,Drip,119.9,4.49,Certified,Conventional,13,0,1,2828,3812,1
Maize,Rabi,Silty,14.07,7.6,56.9,1107.5,36.5,Drip,101.9,5.98,Hybrid,Conventional,4,1,1,2836,2735,0
Rice,Kharif,Loamy,3.29,8.2,73.5,1029.6,22.1,Rainfed,108.3,8.79,Certified,Mixed,3,0,1,3364,2105,0
Rice,Rabi,Sandy,18.83,6.5,24.7,616.7,37.7,Sprinkler,100.6,8.7,Hybrid,Conventional,12,0,1,2708,2385,0
Sugarcane,Rabi,Silty,4.44,6.2,39.9,321.6,36.5,Sprinkler,21.3,4.03,Hybrid,Mixed,1,1,0,35336,37815,1
Cotton,Rabi,Clay,12.83,8.4,34.9,755.2,32.3,Drip,35,2.48,Certified,Conventional,27,1,1,536,434,0
Wheat,Rabi,Sandy,5.23,6.6,79.3,367.4,26.1,Flood,10.3,7.86,Certified,Conventional,13,0,1,2388,3350,1
Rice,Rabi,Silty,6.84,6.7,43.4,1431.9,24.3,Flood,43.4,4.61,Hybrid,Conventional,17,1,1,2069,2472,1
Rice,Rabi,Clay,11.38,6.2,64,817.7,20.9,Flood,21.9,2.32,Certified,Mixed,8,1,0,3039,2697,0
Rice,Kharif,Silty,8.93,8.2,61.1,612.4,30.2,Drip,62,9.09,Local,Conventional,32,0,0,2273,2034,0
Cotton,Rabi,Sandy,4.04,7,32.7,1196.2,32,Rainfed,84.5,2.38,Hybrid,Organic,20,1,0,300,579,1
Rice,Rabi,Black,4.25,7.7,34.3,847.3,26.6,Sprinkler,106.2,0.75,Certified,Organic,17,1,1,2463,3355,1
Maize,Kharif,Clay,8.94,7.8,36.9,603,29.4,Sprinkler,92.4,0.69,Hybrid,Conventional,34,0,1,2723,2022,0
Rice,Kharif,Loamy,15.39,6.2,44.7,1255.6,26.7,Flood,113.2,6.41,Certified,Conventional,35,0,1,2992,3298,1
Maize,Kharif,Sandy,18.06,6.5,34.1,1327.3,33.4,Sprinkler,15.9,6.79,Certified,Conventional,35,1,1,2927,2276,0
Maize,Rabi,Loamy,2.6,8,21.2,1074.9,39.6,Rainfed,11.3,3.45,Certified,Organic,38,1,0,1888,2970,1
Sugarcane,Rabi,Silty,8.47,6.3,72.8,261.1,21.9,Rainfed,82.7,3.54,Local,Mixed,24,0,0,39482,22370,0
Rice,Rabi,Silty,2.9,7.8,77.9,936.2,27.2,Sprinkler,41.8,3.73,Local,Conventional,18,0,0,3475,2816,0
Rice,Rabi,Clay,1.32,8.3,40.5,1192.3,21.4,Rainfed,37.9,6.96,Local,Conventional,39,1,0,2106,2075,0
Rice,Kharif,Sandy,13.57,7.2,40.3,377.5,33,Rainfed,46.4,1.05,Certified,Conventional,33,1,0,3372,1883,0
Cotton,Kharif,Sandy,12.45,7.6,20.4,497.3,35.5,Rainfed,39.7,9.33,Certified,Conventional,23,1,1,526,256,0
Sugarcane,Kharif,Loamy,4.1,7.8,60.8,1347.2,40.4,Sprinkler,66.3,2.61,Hybrid,Mixed,25,0,0,26611,32620,1
Maize,Kharif,Black,5.44,8,69.5,226.2,24.7,Flood,58.4,10,Hybrid,Organic,37,0,1,2667,1765,0
Maize,Kharif,Black,1.45,6.4,28.8,1178.5,40.8,Sprinkler,66.4,2.13,Local,Conventional,27,0,0,2900,2755,0
Maize,Kharif,Silty,16.86,5.2,29.6,815.9,19.5,Rainfed,84,7.83,Certified,Mixed,1,0,1,2307,2213,0
Rice,Rabi,Silty,19.52,6.4,67.4,780.8,32.5,Drip,52.6,2.62,Certified,Conventional,21,0,1,2434,3183,1
Cotton,Rabi,Loamy,3.57,7.4,57,209.2,19.4,Flood,37.6,1.27,Hybrid,Conventional,10,1,0,454,256,0
Wheat,Zaid,Black,5.4,6.6,22.7,1265.2,39.5,Sprinkler,28.3,8.81,Local,Conventional,31,0,1,1912,3084,1
Wheat,Zaid,Silty,17.5,7.6,57.4,667.8,30.7,Sprinkler,48.4,8.66,Local,Mixed,25,0,1,2688,2734,1
Wheat,Rabi,Silty,18.6,6.2,38.5,903,34.1,Flood,91.6,4.33,Hybrid,Mixed,20,1,1,1983,1546,0
Rice,Kharif,Black,8.97,7.2,42.1,1080.5,38,Rainfed,93.2,7.17,Local,Mixed,2,1,1,3410,1592,0
Rice,Rabi,Loamy,1.96,5.7,66.2,1113.4,21.6,Flood,83.4,5.79,Hybrid,Conventional,15,0,0,2395,3442,1
Maize,Rabi,Black,1.75,7.6,68.7,1442.8,18.9,Rainfed,35.7,8.6,Local,Mixed,28,1,0,2148,3064,1
Rice,Kharif,Clay,11.91,6.9,44,890.7,39.1,Sprinkler,74.7,3.49,Local,Organic,13,1,0,3461,3300,0
Maize,Kharif,Loamy,8.47,5.7,76.8,719.6,25.6,Flood,72.8,5.47,Local,Organic,14,0,1,2958,1537,0
Rice,Rabi,Loamy,1.54,6,44.4,1439.8,21.1,Flood,63.3,5.11,Certified,Mixed,2,0,0,3334,1788,0
Wheat,Kharif,Black,12.08,7.6,66.3,1034.7,29.2,Drip,70.5,3.86,Certified,Organic,34,1,1,2553,3646,1
Rice,Rabi,Black,1.21,6.7,49,587.6,32.4,Flood,64.1,8.97,Hybrid,Organic,35,0,1,3347,4213,1
Wheat,Rabi,Silty,15.96,5.8,73.9,364.4,18.7,Flood,72.2,2.08,Hybrid,Conventional,37,1,1,2902,3319,1
Maize,Kharif,Silty,6.82,8.4,74.5,1295.3,24.6,Flood,88.7,1.92,Local,Conventional,25,1,0,2707,2572,0
Rice,Kharif,Sandy,1.76,7.5,25.2,670.8,18.8,Flood,22.1,5.98,Certified,Mixed,15,1,1,3476,1627,0
Maize,Kharif,Black,12.18,8.3,76.2,1058.6,28.1,Flood,92.5,6.75,Certified,Conventional,12,0,1,2207,2664,1
Wheat,Kharif,Loamy,8.56,6.5,69.5,812.1,39.5,Drip,24.9,2.35,Local,Conventional,9,0,0,2592,2521,0
Maize,Kharif,Loamy,19.5,6.7,67.5,458.6,41.6,Drip,17.3,4.21,Certified,Conventional,31,0,1,2639,3140,1
Cotton,Rabi,Clay,11.34,8.1,32.1,982.2,33.3,Flood,117.4,9.49,Certified,Mixed,14,0,0,365,228,0
Maize,Kharif,Silty,6.23,6.8,68.3,278.9,21.9,Sprinkler,115.3,2.84,Hybrid,Mixed,29,1,0,2045,3175,1
Rice,Rabi,Silty,14.48,7.5,71,737.3,39.7,Drip,16.6,6.85,Hybrid,Conventional,38,1,1,2610,2176,0
Rice,Kharif,Loamy,6.16,5.9,37.3,910.6,30.4,Flood,58.8,7.53,Certified,Mixed,8,0,1,3194,2469,0
Rice,Zaid,Clay,18.18,6.6,77.1,766.9,21.7,Flood,30.5,4.76,Local,Mixed,3,1,1,3280,1828,0
Maize,Kharif,Black,8.12,5.4,23,1173.3,40.1,Sprinkler,63.4,9.41,Hybrid,Organic,2,0,0,2605,3343,1
Rice,Kharif,Clay,11.45,5.7,29,1276.3,36.2,Flood,101.3,7.5,Local,Organic,16,0,0,2034,3383,1
Wheat,Zaid,Silty,1.96,5,52.3,1202.6,35.6,Flood,114.6,4.85,Hybrid,Organic,19,0,1,1990,3210,1
Maize,Rabi,Black,9.1,5.1,54.5,250.5,35,Sprinkler,79.8,5.91,Certified,Mixed,30,1,1,2060,3411,1
Wheat,Kharif,Loamy,16.81,8.4,58.7,452.4,22.8,Rainfed,48.9,7.08,Certified,Organic,16,1,1,2947,1674,0
Sugarcane,Rabi,Loamy,16.31,5.8,21,897.6,23.1,Flood,76.4,6.13,Certified,Conventional,31,1,0,33105,47637,1
Rice,Rabi,Silty,5.26,7.3,77.6,1415.3,34.5,Flood,44.3,8.85,Hybrid,Organic,28,1,0,2658,3936,1
Rice,Rabi,Black,5.3,7.9,22.7,1285.4,23.3,Flood,110.1,3.89,Certified,Mixed,4,0,1,2051,4019,1
Maize,Kharif,Sandy,16.53,6.9,28.6,1295.3,28.5,Drip,105.7,3.35,Hybrid,Conventional,10,1,0,2769,1670,0
Wheat,Kharif,Black,18.68,5.5,20.8,594.2,36.8,Flood,71.4,2.53,Hybrid,Mixed,18,1,0,1565,1513,0
Maize,Rabi,Clay,2.81,7.5,54,758.3,36.8,Sprinkler,45.7,0.86,Certified,Mixed,32,1,0,2013,3620,1
Wheat,Rabi,Sandy,9.55,7.1,75.9,811.9,28.9,Rainfed,42.3,0.91,Certified,Organic,30,1,1,1826,2063,1
Rice,Kharif,Silty,7.41,7.6,60,404.6,37,Rainfed,13.7,8.77,Local,Conventional,36,1,1,3329,2233,0
Sugarcane,Rabi,Black,17.54,7.7,69.4,240.4,38.1,Flood,99.7,6.94,Local,Organic,9,1,1,25503,25001,0
Sugarcane,Rabi,Clay,2.59,8.4,20.8,1431,33.7,Sprinkler,59.5,6.78,Certified,Mixed,36,1,0,39808,28992,0
Maize,Kharif,Black,5.01,7,52.5,512.9,23.5,Sprinkler,45.8,6.34,Certified,Conventional,29,1,0,2657,2864,1
Rice,Rabi,Sandy,15.3,6.2,47.6,511.9,24.6,Sprinkler,61.8,8.57,Local,Organic,16,1,0,2877,2580,0
Maize,Kharif,Loamy,1.97,7.3,49.9,308.4,25.6,Flood,100.1,5.06,Certified,Organic,28,1,1,2271,3433,1
Wheat,Rabi,Clay,10.36,5.2,24.3,1407.1,20.8,Sprinkler,23.7,8.77,Local,Conventional,21,1,1,2823,3252,1
Rice,Rabi,Black,9.4,8.1,61.1,953.7,24.6,Flood,104.3,3.91,Certified,Mixed,2,1,1,3343,3979,1
Cotton,Zaid,Clay,7.35,5.4,50.2,1067.1,23,Drip,108.7,9.3,Local,Conventional,35,0,0,593,357,0
Rice,Kharif,Loamy,8.5,6.1,65.9,1385,28.9,Rainfed,114.1,7.14,Certified,Mixed,28,0,1,2574,3482,1
Cotton,Kharif,Loamy,11.07,7.9,49.1,649.3,39.8,Drip,53.7,2.94,Local,Conventional,36,0,1,338,352,1
Wheat,Kharif,Black,4.07,7.1,29,1008,20.5,Rainfed,33.9,5.86,Certified,Organic,31,1,0,2449,2148,0
